angle_0,angle_1,angle_2,angle_3,angle_4,angle_5,angle_6,angle_7,angle_8,angle_9,angle_10,angle_11,angle_12,angle_13,angle_14,angle_15,angle_16,angle_17,angle_18,angle_19,angle_20,angle_21,angle_22,angle_23,angle_24,angle_25,angle_26,angle_27,angle_28,angle_29,label
32.34344298343265,22.77365947130965,2.320862837637941,13.836272264845164,3.846248685681496,1.4561543004919613,4.033830188116528,6.290731775680317,0.838850718853413,7.28693447980454,1.4750316605687563,1.363548966020556,16.77188150683474,3.7158325357920843,3.973773742529588,17.533529224822384,1.24812835895191,129.75886991301218,43.164234119316035,110.90801662526529,20.677129870519174,4.145298699255882,9.149137016548218,6.675605130781569,0.5067580315123804,1.7069313439092384,3.1625970690059244,0.34842262889487013,2.07410753360892,7.97952967384313,money
32.55083801799381,23.330982987355164,0.6965121588100799,13.748374681191898,4.625917488521052,1.1751414288895559,3.1201185091065824,6.946733244308098,0.7885874125410341,7.553221272294947,3.0431014901961535,1.9121989096147514,16.58089857246807,4.8263335540775545,4.64778378328984,21.131543206565674,1.1211330065760559,161.50849607667053,45.313720478273055,110.43980885264429,19.75017250797726,4.55040641933795,9.691257018263872,6.015407356408129,0.4379861002955723,2.4179079079416366,3.1890079345800677,0.0592237201222343,0.099662670268587,6.185448078085588,money
18.40839999031462,0.009748399132065065,154.06207857892488,49.126092795289495,105.52488058150485,21.170462837832165,3.7584076875943575,7.560769971532089,7.03308130318222,0.12097342355287106,3.808663620295587,4.892191060063904,1.2587903768457516,1.0948126589111031,9.390482728767235,32.93088673609962,23.363621215035483,0.3656376439060342,14.895088136767093,3.1816958990914355,1.0426293991577489,4.258952451392863,5.538755355583781,0.41382425397026507,7.1113923443775455,2.6130344432064856,2.1871174132406446,16.290043779723536,5.061312001741439,4.7858182588927765,money
17.869702874632118,2.7683832198011937,112.17530184204355,42.97310237969144,110.30298499354105,22.300694808971286,4.6001170387682775,7.1613748902892835,7.812116131576983,2.3789181586316217,0.02607072580257877,3.142581665246054,2.9170353954952226,1.255054775930041,7.477153817457804,32.833190065736865,21.1466853583644,3.998521891136217,13.764705216786089,3.5344818892310474,1.0741987386388472,3.790932098840759,2.745735590964962,0.1889094171326611,8.762608415805508,5.896040306377363,1.5650605692393702,17.136545952845662,5.648422999381897,3.8507621688803577,money
32.694972027708815,20.72207604059995,8.364227628871802,13.138818713256857,2.4533333738169625,1.3026817295811959,2.9434417712319894,4.246392418410308,0.20616408643325412,8.860322594276335,5.650453675045258,2.3058247481376624,18.120017396367746,5.541728848375358,3.9753358294038885,16.50579434071003,0.8465609067572819,90.72930276159131,41.050576865093326,113.50410209275313,20.4667244831228,5.272856644785869,7.058353559580877,6.295408623924289,1.9518706092038427,0.5544915553943351,3.5649493062937783,1.3256135992566485,1.4111138496699587,7.468436977901744,money
30.68855148519377,21.259557604976763,7.0032954003588035,12.176406382349853,2.9876042866870316,0.20819289158437976,1.7944718174448975,5.024200471194773,0.20418704190645515,8.662927277985267,4.789517233259618,1.8555695807521853,17.813591454414592,4.886883567048377,3.603073447186189,17.91284948832307,2.4107779416149335,143.51794387789892,51.0611682942644,101.51515580211844,19.209245093408658,3.0601322596985665,7.424222338642503,6.834132237682452,1.349280623242858,2.6828564779227824,1.8361935581862139,0.2502704762410446,0.7020801815809508,6.097817474535915,money
29.99012773616631,20.31301094619236,2.5092226701530342,10.60179728710201,2.032531664279891,1.2604217831606714,1.7181815491170334,5.259852728065911,0.842631409778097,9.08301266357837,2.141249812546049,2.293567937231262,17.965906432850073,4.315815006483257,4.963831960892869,16.50110241141128,3.7721820742924326,157.2516930154303,50.61165557618952,103.3428493044848,21.140622869537818,2.1409023383602745,9.91402240206247,6.525775440975063,0.3276726135973857,3.8393215124802587,4.147351666283076,1.1983559495991876,1.2105691453921765,7.9033662270896405,money
29.581339911906838,21.370796746658872,2.689781530895536,11.419198039991942,1.7779428763050502,0.6937938621482971,2.4822805139417503,5.785572307755227,0.37017630864785384,8.005116919953768,2.1259233103863884,2.332659269988617,17.865890807301405,3.6474474925431113,4.197141965115315,16.4081913149204,2.4409499454083,138.90381859311015,49.852339985162864,102.53693041164419,20.879218774615435,2.504491642369712,8.267166024946475,6.585498864296759,0.11730933783716863,3.5769786387560467,4.301088851694151,1.2822619564393423,2.6950186011141044,8.414495528689867,money
29.290715450750074,21.240600935379042,5.639821170333154,11.217412478235335,3.282777701889996,1.4143623052872947,3.5245758396877065,4.594129052423871,0.34415742615183603,6.605923506164111,5.387780676712994,2.8789957502292998,16.814682383507,5.1176371445790565,3.8267554136648867,16.08711416632601,1.1163018000977143,154.0329720422616,46.2042341439008,107.29101207231024,22.252465830931506,3.8353550963439496,7.158091136254139,6.979228508251395,1.1131617668287621,4.034663404004701,5.053557937818103,2.4474417996433226,1.5569346610359098,9.272898553039722,money
30.8895240596053,20.282961315908775,4.024842459989393,11.458990916608393,3.3892818000711773,1.3197974986110466,3.7298203099130127,4.0766508001384425,0.24295366258671108,7.03170759501044,5.3730159898613215,2.2749495843786516,16.731742129393428,5.323993069718148,3.743343782793353,18.94108812779028,2.5384718749297654,137.4789695686383,47.33769689080515,101.69102327388441,22.13754580686304,4.514896056785947,3.8381478640348394,6.9650943119373965,0.4909242154937426,2.4229635372208893,3.189662217117168,1.1000331704546424,0.3896875887856724,7.273638887474489,money
31.46045184708491,20.9226203548458,10.521235168230207,11.595928861041246,2.026555716073084,1.7556473284854888,1.6566279308965233,3.780853807792779,0.29652347151629765,8.378029775886132,6.241091726761977,3.0699985997415644,17.61308056311072,4.8686736386922345,5.579404305051372,15.575169909484806,5.724298725636041,136.70915592346157,47.80561885650646,103.77556319094357,20.769610858275726,5.886552378041907,4.024127374191559,5.340085672433641,1.7931352023641174,1.6159114196599476,4.870089353640453,3.3211871794594385,0.10550325841817954,9.826096849718278,money
31.65147970659611,20.679603355356754,9.348595012906118,11.329072115714672,2.2026915039453043,2.6228506344553377,2.729724566474645,2.3872754450103324,0.22026105070183183,7.984774808561521,7.227548749790285,3.0476352563093907,17.871223822957422,4.195929789139998,5.656936922001953,14.788953379953728,5.179124853113971,152.61424645816757,46.14522862636571,103.6830751761768,23.3021834487585,3.5548654768561336,8.39410319103863,7.962936490473451,2.1643126466285203,3.5190620433536948,4.484991264900447,4.990072884180882,0.2134368845911434,9.09958402356703,money
17.50827429585777,4.14221319272231,128.672437641985,44.06641693175298,102.91435619333919,20.62798458112746,7.1418141814595195,0.04114276750227217,6.896932672478787,3.7602809113195845,0.14814273353231464,5.342587980887872,6.65075209634882,1.9881001293659473,9.594219048293224,28.66095396423704,20.785810485411357,9.60277789155989,9.18945395769533,2.1860916358506772,1.7395651946951616,2.768328145896026,2.426045166179097,0.8451592979888762,6.560179849302799,7.454527906483205,2.8342614561561787,14.798210268157598,5.761870196298615,5.00688436097744,money
17.066649733200723,7.989707046034464,160.16701331920024,46.49198152679276,99.1277423406925,22.42334380626942,4.750625463878464,6.231490454946283,8.109515046475744,3.696066243983779,1.2120902852098072,3.5903915232355836,4.935955000930424,0.5989118528780326,7.850849390838698,29.27977298087566,21.503681732532378,7.198031517381295,9.80289410559973,2.3236949085571426,2.106290154686127,1.8099359945683235,4.132991980038132,0.2693868770263216,7.722185963399713,6.209050895710785,1.9554711297647487,17.830040088598626,4.292394732194471,3.8581229580909664,money
17.42964838988176,3.7797123085660758,150.15516480080592,47.52102327312147,101.26359117964058,22.493095803121538,5.2010415153179945,6.2635884005991125,8.338622385871039,3.050305974772138,2.05293670025744,4.4162795778173365,4.741736321423528,0.8203181798068858,9.0349946303534,29.368073019539363,21.170002291171667,4.142823374639,9.988280807958944,1.8754436794178815,1.4162625813220286,1.8842859914910255,4.492580464663411,0.5349876846959435,7.019157548801064,6.3276716460357685,2.3002402115360847,17.109384361092715,5.464601894062622,3.8960351957069417,money
20.946475835993095,7.130618828923496,164.54574826769664,47.4978774459264,100.30423701314771,22.938155175640595,5.789928469091099,4.922756596561589,8.951703929126216,4.4131137307991555,0.34052795520652396,4.435378825640839,5.428747257980827,0.39567571696077186,9.845133817294062,29.893024156029465,21.232373785575927,6.914256605057407,8.449397024246577,2.154632341956252,2.1732742170961323,1.2193539847729218,3.0572367029111347,0.21017922780169995,7.80517935311876,6.8194231704501345,2.597066544865763,17.46913701876395,4.294522790855849,4.974433574259544,money
17.278521218788637,8.843256455446825,160.40706668507312,53.24787549654338,93.22702157776408,21.852708876954896,3.5512055191440948,2.3978712208675206,8.357781247762745,2.9812867277477357,0.6704592124496775,4.451438592482628,6.241158189778954,1.2153346480849605,9.491548274105183,28.90423628502857,19.65116310036777,6.596783591907069,9.31518562860246,2.708402021681106,1.8737139870484532,2.883643039588974,1.84625131873442,1.0134337410774872,6.08286487035552,7.486693304328429,2.977231128766286,16.7452793530965,3.7472280749362787,4.909553537322456,money
30.76182439204777,20.79956545559177,6.005065363496388,11.602618246349362,0.24365451588927795,2.1791532466961554,4.190124523842882,0.8056491168454067,1.0056722333552042,5.91250017407797,5.5464971576257565,3.2174595383258655,15.003538826159453,3.608378082935242,5.003250324726889,16.406053653441273,16.957369662202932,175.61334766953394,57.017009435349166,88.56549862605306,21.23901780321718,0.41592629299332706,0.5734391921622652,8.39208866146871,0.4389926230515651,1.2087965397821996,2.999979598847928,3.357333575555189,2.734111685371453,8.632944022164864,money
26.543156963376067,22.637439969823678,5.782413721802557,5.749633175118967,1.5091436988179878,2.8974975784384465,2.3820950343575458,2.3432782277590922,0.00425595698118134,5.080294139187267,6.7610563124257235,2.895839199909421,13.714325977657177,5.459613067849439,4.934737289258266,15.934538139317887,12.15130090248545,169.69675615956143,55.20682687690829,88.7747615055078,19.757717863967596,1.4268543148642192,0.16752822998539824,7.453285932627921,1.3759431798157566,2.136332664698561,4.652362344681719,4.042073605224826,2.602070985525821,9.053353904057412,money
17.518839804552144,15.71217944128658,178.66394547709396,57.291495188237135,83.63468265735388,21.10385098077826,0.8806798765527104,0.6168129068096976,8.740010394726214,0.977491630966313,2.6049873637890664,3.533105653103735,6.000793571951015,3.0705548994613836,10.35333936503964,27.313797419173817,21.58050424225411,3.046987173066886,7.399405930546349,0.9594394968538231,2.700310288565141,0.6498238444951564,1.9109021241465285,0.23097959388766554,8.593265737647812,5.347658057714709,2.9461301470293,18.630699453990335,3.856069744415671,4.708501943349857,money
19.035112619404018,18.965360518218592,172.4165741413234,57.99830608246601,82.33176020020552,21.707828217238294,3.1071736509791426,0.4489012241253675,8.275892988291671,2.0577687540076903,0.46324486079404426,5.6905543552020506,7.217371303117398,3.372604392104312,12.44903477413573,30.316012485437334,21.758885476358955,4.694290049006461,5.953850755922918,1.2158733010121188,1.486188817559526,0.9010590710002988,2.937240620070266,0.6390193643554991,6.51362001347117,5.555495631762788,2.0211757501762433,15.391765687422806,3.4863667460327856,3.397498115598982,money
16.730645236133256,16.081431184456726,12.404276477951878,65.68109627480929,71.62886993894787,21.634285363013575,0.5891738286586493,1.672321171079235,8.86113439007398,1.6073875150821049,2.521456698029991,4.567262575144429,6.80598932958621,6.056565939606661,10.831067507347441,28.81249774425694,22.8183867323777,3.477312425663052,4.757856183522608,1.8989353895883494,1.3302024019696446,0.3795135786665814,3.1337534315028153,0.11303417722055822,6.865704183551569,6.474345287402594,2.3786861880031083,15.338583714788951,4.522454284733806,3.9357442937937033,money
14.79041238120936,18.884781454220793,29.751933709176843,62.381615371763814,76.62980232404766,22.5015283160676,2.5898895862073092,0.5544816125173622,9.744096256101844,0.12223368981703743,2.5105324805342697,2.299299985109131,3.060603222542123,1.9930173307210066,7.260646852745842,27.11539094828395,21.7558652567582,3.2087101253755574,5.185921517264052,1.9794086917297913,1.3641146031704712,1.0821897837405339,3.025607901650103,0.3034828081332591,6.014544850122044,5.285072054534598,2.2582209710193393,14.470849664077965,4.266502560733423,3.351168926082795,money
16.7016350883036,20.49571161158056,27.862096085764286,56.14080893334556,81.24843378278022,21.973100214710502,0.8197972307011601,1.0645395947184628,9.634987702241995,3.348167670366577,2.0435896855345987,3.345131260390217,8.408861335299402,4.030806224102795,10.268202557260324,28.243078200275566,22.336245081565686,2.0920440285346515,6.367935654105709,1.7531482222114938,0.33633758309809336,2.394362327994751,2.146138731830692,0.37876192279114174,5.5781160686349285,5.645729664906635,1.9779903039584106,14.127756043349255,3.9554584410674662,2.944375712204137,money
32.56556812940556,21.569502208095923,0.43625721698155906,9.161534155694167,0.5913741544800251,0.11595366098425809,3.9263521092043305,2.983786750436445,0.5488568654287642,5.240574006512964,5.2818233699140755,2.7424092485588103,14.897264581798787,4.122791017714949,3.5359701392123513,14.755151984287087,20.00439433842923,11.611580240804487,55.522949719503096,80.36598885873448,23.023347006644773,1.1870670655514752,2.725538135003818,8.913538152361614,2.850726575774538,1.1389700245474361,2.9189224418075894,6.885571983510653,2.3432195658998096,8.0274818246554,money
16.549849549019253,22.69155256268337,25.732302175204527,61.75311029204371,77.98737955047362,19.00897402742087,3.2758884118872222,1.460816477805394,8.44218579278661,0.9068294772055546,1.1848357650429155,4.3155816814459,5.439039426457253,1.9588103654817552,9.892111531366597,32.529745928320104,22.019626879970048,3.0577513278055166,7.386562192230522,3.3684105746498467,0.9259865640911129,2.400246115934471,1.4719768569958618,0.8400632018952566,5.971710865007829,5.423146312664913,3.391121547661386,14.393623617636566,4.467892465533844,4.29025949412417,money
15.180295801243904,21.621052478791594,22.561495764152124,52.426895461105545,82.30972333813585,20.190161330384058,1.596998575713382,1.2185433410160138,8.210392845371993,3.9618888172132576,2.068909455026316,2.9575151281115812,11.627153797661212,4.579072897953538,10.446007540516131,34.21369284879948,19.555256581134287,2.6240712316920685,7.02235816419895,3.547867619349599,0.4523258950237842,2.6586974641446237,0.47495843871151683,0.5654664305386508,9.831827978260051,6.92494416036566,2.3298531752885596,13.087297650590923,6.738069911944525,4.84895344329523,money
17.603163912261866,22.1602259957413,25.555549659461363,54.60197958603715,80.12927771984957,19.812326291444688,0.7409277066192625,0.295463834802228,9.732826348522874,3.639167433012964,3.576202833079715,2.973965093387758,10.781605701186303,4.570552373883169,10.35259681369422,33.901404689814164,19.495117752588904,2.997776949882298,6.52176615751571,4.525241153420628,2.0061253712861347,1.9036138242604337,1.5120766128933978,1.1886643514229716,9.275622510426407,4.9258008873648045,2.6358763774590397,15.138787338767756,3.3558221473532,4.0360885676994345,money
33.363671942640664,24.046402371841992,1.0358735729632598,8.126343793392826,2.285068559121899,0.6791596773371357,3.4607625159848197,1.8802175006583366,1.293367066958287,7.812014678735234,5.763276887491711,0.8872459103781809,11.29654700929015,5.785288087107197,3.915314503277443,15.646322169689263,21.635464634477646,22.334900430330844,53.03832757854783,81.33918461948831,20.181406469808984,1.882724410148994,0.038045472969689555,10.009648946124289,5.244141827472294,3.1064327381219323,2.919273779690822,13.705496459803951,5.378799338938525,10.096092262459806,money
32.174678592157036,24.55699725191254,0.43272104776567843,6.216019198694156,2.745909257920558,1.5705681725609273,2.489885361881884,1.4919660852665655,1.753875820039905,6.725058962396877,7.069251248112359,0.8111387387969551,10.368903728104664,7.01578210946251,4.374963211997735,16.5979944784678,25.197942592792508,26.297535962630555,51.514568253935735,83.48337562469382,18.710122763820515,2.110601422552165,0.15893773716684614,8.722460434538808,5.393282171600829,3.0860534582049826,2.6757297929172315,13.416886241954789,4.5373790139962615,9.704709687586982,money
30.74590140122656,25.39364417032712,0.3489493032807534,4.474253399852331,3.2381747334372983,1.6298435983400705,1.9163140314285683,1.293934040820033,2.2412047797267567,6.324997506068419,7.601955678158151,0.49634404562427686,10.26779080970888,7.380946972398119,4.190330997738436,15.310289783712445,22.317884004845226,30.98882986131038,52.15374041223972,81.58673768351615,20.86868920007641,1.5574300372569998,1.7528742997582831,9.041357304038039,4.3862781070410435,1.4664831614992238,3.2195263975681927,11.910125456718948,2.8194161624845546,10.21084164657265,money
31.8271458266985,24.727580464207524,0.2724626950595632,4.559684652629433,2.532648638779564,1.4391243548819088,1.250720872634555,0.007853657780032277,1.175064604333181,6.955077381168798,7.025414304268401,1.1840852065472713,12.047673025977039,5.264810544437547,3.614311875670048,16.604955675329794,24.61123946703778,30.52597607772376,55.00411430732488,79.52029743762078,19.76306138213821,1.551516151110552,0.5022283640201742,9.956116823489346,3.886781305458318,2.714191868557168,2.6185331009523485,13.087096822241707,4.488678411883044,10.035875605638886,money
30.53782759810564,25.313342633045885,1.7591064593283134,5.519694593153105,1.97454538989051,1.3526489269837123,1.1520355562493272,0.7742942981380309,2.3129237279232413,8.197646214545703,6.386448743391194,0.017240792635912022,10.475511705985236,7.279653673544553,3.8563590681414346,17.31097055747621,25.06612750248508,18.368495234907112,52.635563895002505,82.06351585379775,20.01066806987112,0.8173909754441455,2.607313106479347,8.673923256593433,4.312165421691851,2.5003507382862145,3.3935833924943895,15.518951136445988,5.82676111183656,10.961878501047625,money
30.99465885857453,25.907263473432156,0.06827242479346622,3.2085639650709545,1.5683493695110802,1.3345129541131908,0.6384355361262801,0.6943369128358503,2.718305394901915,8.17762188192214,7.210745491716811,0.5985484610396314,11.581208719558362,7.279124113764717,4.00560932189687,15.998968995808676,26.069910155457286,23.090440707061546,54.58676537154192,77.68651163318447,20.184241321014458,3.870923007545327,2.2646006044606963,9.188806113447704,2.8012909909569776,1.3561056212015525,2.9731314209130146,11.127993523742925,4.249105212947516,9.298152706704862,money
33.4177256190363,24.679022059063552,1.0036760552631854,5.792126783083605,1.6083061605336804,2.0437755107697853,0.6316570431130212,0.9531726912465056,2.570205625303158,6.9588974169354465,6.407154865132301,0.4835382406430818,10.275085921663106,7.487258079918829,5.22467872157986,15.41161088808159,28.243350518434706,16.90874387628844,53.444696820118395,77.62560935425334,21.04840648746246,3.005245795117084,0.10032609766048549,9.198469698990209,3.741617073149808,1.1454619254254021,2.849270760444802,12.916765965621217,5.909701554413547,9.412978732579996,money
30.37495881303254,24.451711144494578,0.10063768514728506,3.4859772664453677,0.8303355456160866,1.5136572193080353,1.876669264890439,0.4866395084913255,3.3726804804596666,7.315024411497125,8.534069523966282,0.47683200984265833,10.59027095996916,8.496773335915123,4.826374447321329,14.375572933702015,29.93593502812538,18.871598240147442,55.122137092616065,76.2111424937961,18.606337960653654,0.5061626541767966,2.325169337380841,8.903490440347467,6.266863672424252,4.136475405909111,2.5876161783174343,15.515599361422128,7.596401051777648,9.848575792875028,money
32.65473295351957,24.925231823196896,0.18105767562697503,2.7302047483363556,2.764793741154732,1.9433118632953756,0.5697254165935722,1.3324263955977276,2.47692253805591,7.531523557672976,7.943631170685786,0.23673029630684272,10.323683519949888,7.30745813394681,3.4323954526457126,13.901521056589663,31.684654204411217,7.261045449662405,58.81111983526229,73.9222227161889,19.672496571323528,3.1480117650584427,1.549639436668929,9.612888352155348,3.0443760742647226,3.997129725005557,2.2051093714129575,12.249050300866937,5.753358745097127,9.223866136991138,money
30.767503213875546,24.74384796573406,0.5181324723296465,3.419733111628617,1.6270668959847978,1.8922373567569315,0.5060832153415429,0.010220229633673835,3.1900111618274485,7.422105438436798,7.177318132593702,0.807900131555638,9.58728542986355,8.218003577590412,4.0413912600397,13.240588103794266,29.899376310180294,20.32370322637924,53.21583450771585,77.67899110183025,20.152759453621353,1.3588323075549884,2.546589776407282,10.421599942322944,6.19806914659767,6.112451163413222,1.628479397402611,15.571710716937512,7.97319491838685,9.399939840025171,money
32.01530570657593,22.29145190395534,0.8966319312203951,3.2827050436924314,1.7177469193525507,2.126665383084722,0.9538626101881965,0.9498459267744638,4.576793454357116,7.706839366889487,6.368684917631354,1.6258846467318944,9.573959133535107,8.975307379038759,4.72653964785716,11.549997345207146,26.658531969999505,3.031181016590637,55.58909747158139,75.52561900237326,19.75275529222748,0.7471388721076817,3.9527787749478502,10.673473777575845,6.295397442295649,4.780171950302783,1.6573450065682653,14.668795109153788,6.465678114610048,9.215424308033297,money
32.74351676838542,23.426918915337165,1.456086908786606,2.1373733039367084,1.7871002370387148,2.312630052359888,3.2870129508250847,0.553104105746573,4.290938978440233,10.602178871645632,6.792044606826961,2.113323191399025,10.167128967947354,9.427774717394641,4.700647475047039,13.47778200275293,28.185569662300402,12.384454807804168,54.45881295327534,77.28231359571721,19.694243112897297,0.9499191573044101,3.702938751225041,10.226595269753487,6.582685757453656,5.192765099517408,1.6390219643048505,16.28600455079006,6.966696187038328,8.333042897503576,money
31.41544942950473,22.275450205409374,2.0456230946255567,1.3584439064041558,1.5579986567533657,1.4135543830477904,1.6786692946443065,0.7694311218371452,3.177105430107507,7.043411865262982,9.002959935795523,0.07265454605105004,9.61180637672908,10.751814214189727,4.968456839780728,11.569888491605857,26.748582464323103,15.129816486019799,53.856824119258434,77.76131005223021,21.10500311265373,1.1921413198246602,3.0056615073557924,11.521330798347396,7.741137706059544,5.90651362013754,1.365330930349958,16.826388495099994,6.234297275614571,8.798970875646328,money
32.72567527084544,20.953502132588607,3.7546788906911823,0.22139565605958836,2.1346704900396185,1.9727681126719654,3.3794578818736434,0.1373025951664549,4.198164524482919,8.964067229549286,6.414860933488581,1.1117749586273526,10.133132353276874,9.651514734569279,5.1628876512675275,12.651015504091943,27.105631245828913,3.4725434269592776,55.205252684404456,77.37904598716291,19.947147654973598,0.34604808711509166,3.1846333073219824,11.473550977229266,5.930183284411604,5.155485505649606,0.8929086156094683,15.116681160823317,6.799046557466381,7.306984276583264,money
32.92673173282132,22.340842309566764,2.1296144332839035,0.20041541938452764,1.6376368946597983,1.7877926768055319,3.321748132800497,0.5165727419984371,4.017320520077633,9.24989938560006,7.4319775768591105,1.6471717779365567,8.189352715634584,9.239221556606523,4.455784247750557,11.556323516111695,25.632012438142226,13.907690699944684,53.45073120234177,77.00036218212632,20.454678823622118,0.004267536564537115,3.939632831893444,11.777967155894482,7.806715621152299,6.123444950538762,0.8746763974388305,17.590626559291646,7.341517666724468,8.17177665015994,money
33.44652554389811,24.139795104931423,0.4786966744532387,0.7703785039891905,3.00679292529627,2.1694938076443018,3.9953961407108607,1.5116494919928254,3.828382997514122,10.238304827853073,8.80573899817626,1.423706625268697,9.926390722035356,8.86476766969283,4.624824753732059,12.248809251639646,28.468725114867745,15.612368924803073,54.987888491191235,75.27871602799891,20.199239725521167,0.025604825992745252,0.036827587936460855,10.404833548076972,6.535165679944869,2.384406498914882,2.1315553027619765,18.141770112261554,5.194003901176476,10.361332462506155,money
34.19388455405872,22.342850232316867,0.6545398897973382,1.334839090205608,2.020257953430939,1.851877198543826,5.917774201304846,0.7104427334090392,4.7993341974592125,9.572345672758786,6.842635715511279,2.1663771336010016,7.58418797746501,9.880027082805812,4.404551360261935,12.407059893498175,31.795575266785217,13.686315711671979,55.893158110181815,73.07263061457319,18.733016391653692,1.2019993272254028,0.9672614818714663,9.865245099176931,5.895290799424275,2.932042769862895,1.5024575150364008,16.661499009134303,5.877188022504517,9.439848680702873,money
35.49267304310185,25.03988452363241,0.7337285071945526,1.0360382048178471,1.4627039113307372,2.213003352450449,1.4200570199766571,1.124935134512454,3.722716406476919,7.593651576582966,7.568486547681961,2.101717132376645,6.097480783612214,7.993734738325549,4.216732681448698,11.959141715967633,26.521613700254928,15.161694750530991,50.63873211547818,80.41098580120791,18.413540875159782,0.7510558550539016,5.285569643419497,11.291133985596655,7.2793636586148915,3.714402923338697,1.3167928648050329,20.42146880539484,8.327121851971343,8.901285947054607,money
34.803264206231795,21.703146648295995,0.7200316718832664,0.12228375142060477,1.5739613481966888,2.607748351335519,4.3288129223217675,1.0055143416141124,5.286929068478215,9.660736036265805,7.52795708507177,3.0026204802361836,6.852242660215563,7.581184840549747,3.4767417873601487,10.506756841639106,26.5584799121695,15.088460077746765,53.033520943690064,77.00131158461888,18.92270011943768,1.4887947733985731,4.304413104443122,10.75686691618533,8.628370953748608,5.655200091701234,2.471898504358382,19.612538350299317,7.4564116862087735,10.771520707529623,money
33.69446822260457,22.644975210515,1.822244415232765,0.41163616916405,0.8950233048950933,2.3933136933930785,4.773477563207121,0.3312804301043386,4.969690358345653,9.134606702691414,6.625553986759684,2.9716536811640766,7.287905583993073,5.8431435040513415,1.85251893991619,8.592077430951363,28.673469856855615,10.205897200003193,49.258419047617195,76.66532491204676,17.212799531646098,3.2231538738625387,6.244853408220294,10.030143549485361,11.101870693063107,8.031229601193239,2.2743388994636797,22.865346433848448,9.725942044173692,10.439272937009408,money
32.70177813100515,22.120550514191525,2.173333589632976,2.8205950391724603,0.5886445016512091,1.7357174037893637,5.688309721448913,0.3087955663206902,4.268380661290028,9.870665305891404,6.322987127102018,2.420742017471182,7.009222828149276,7.6516474730237825,3.7348477132916953,8.69689928572793,30.31441544574552,4.936867101707864,49.93701780422487,77.5854058842841,17.102303098873602,1.5338109645244142,6.5656389328991835,10.298652203126203,9.678333086104454,5.947914386458358,1.1650419668718108,23.181088816287385,8.867039252432285,8.869914440247069,money
10.423619240404557,27.164215065005344,15.421523929134192,47.95333117096067,80.66144180374212,16.656650627798374,2.1587193602914905,7.576689832002658,10.061678267836903,10.601451753848888,5.011939769755277,1.7553708852994485,26.816106909037824,9.063632355336955,10.618960488876667,35.49676025631004,20.004367483209265,1.385981612113365,3.84276825798631,2.1681000743132572,2.2124569453077725,5.252773093796725,2.1257473822491355,4.073708595063258,9.296932038429139,8.807275049632407,1.2080910552508382,6.374531304461127,9.335270274268506,4.812403676495306,money
10.714779841146994,27.316918802516952,11.499733100026157,51.52381401835039,74.09667445002866,15.865243130392455,2.3621182239382543,7.101589705665143,9.119275235770463,9.370073742481281,7.4772204169458725,2.136443162384689,21.717705551988246,8.072940445754183,11.611185681586209,36.505336714801366,22.38831985880829,1.3066893890594842,1.021579663663118,2.390972015740094,2.335432897438099,4.928221410332146,1.7121460137408258,4.104544003434508,9.561411865356671,7.323853473330463,2.130772437190107,6.08185830899907,8.363979285005119,3.8291627579450247,money
34.85621263408789,20.888739516197624,2.7430970935564085,1.7563327168388385,0.801037830710751,2.2657762200613534,5.417080480612573,1.5453813472566589,5.196226615546573,9.212315721644229,6.8611974432518,2.600467071459008,6.951643216174762,8.253244379360137,3.1576510286182686,7.288771005041699,29.67918188060182,2.3103846944838393,51.628128223773096,75.51189057266674,15.992869937015687,1.4519609462498388,8.535130200593382,9.320569659943503,8.428309284375764,5.856116513155947,1.3968157015719054,20.39541530538475,8.406579933241709,10.669041094887051,money
9.068454415297088,29.833637798886755,8.617258168857417,51.17580261682584,76.57176818111924,16.38751426906324,2.836411891521799,10.651366955820313,9.261076722258638,11.12551744990707,7.760801789346578,1.699309875408308,26.757230301071505,12.052289644114017,10.428622819493222,35.073484814047674,21.04752187559373,1.6046016079013776,6.117486613570396,0.30172733616295455,3.194922747932275,8.245751281746651,1.6890128851868498,5.381767160327448,11.362339715708464,7.797494084305848,2.898097301240744,7.703788643724859,8.898209310187303,2.9164339215606083,money
7.215367919429191,28.651198074019316,7.742293489786569,52.497232756619795,72.1290006809474,15.873199125368682,3.201724468056907,8.935528910137394,9.146138553135087,10.722864558317825,6.9929423241111905,1.597826318871923,24.90720077077831,9.335676988436107,11.048345382760756,37.019726492096574,20.185921833397444,4.026796197370324,3.4085914455387756,0.5088628269951172,1.6882077464051597,7.554595220220623,3.75987609304643,4.067366763155688,11.061895226658429,9.7713020176526,1.2127338440160158,6.862991229784648,10.015010966681576,3.962675513151448,money
9.464672101905045,28.954109975406812,13.9129744577756,52.970020849472945,70.97413674571402,14.944565841596743,3.6986618812739156,7.190779525103829,8.188332549352594,11.74954916570464,6.96524557710833,2.331422691184187,25.960225969415156,10.663454559682899,10.974533530098535,38.38596125354552,19.713890724616565,4.099868353121957,4.025606993169867,1.2169966541099817,3.4463907945877703,7.808772868889349,1.2496915040067629,5.325575550387183,10.894074162425733,8.299878024058097,2.588603031112003,6.8107461361113195,8.569890830564226,2.7637686157246106,money
38.145168536226066,17.220981858970013,4.675411887515549,2.504346238454598,1.8590317860050198,3.0597531121981096,6.146623458340343,1.382681367994169,4.6936128433108175,10.913917705282294,7.391304673463943,1.8217709951884098,6.747441055861935,7.422437762011592,1.7689872230204862,9.646609704218024,28.789507754720265,11.350721501127728,55.17731933485266,70.7536982461302,15.779178890841044,0.7442358388199564,5.506686823956547,8.126991346251037,10.138399164336606,6.221080649387771,1.9564971042770776,22.66965659915307,8.64913302624401,10.281542961947046,money
37.03316036844272,16.20637416808371,4.010495638376404,3.8896025536818466,0.964184812623371,1.772340372785014,8.251119083518141,1.4773739234363417,4.713143351949904,12.186264209591583,7.452695839101556,1.4990041881073264,8.3788683405947,8.204923260803218,2.853502832387972,8.368337439035775,29.05592642629179,8.674776121726703,53.16664159480534,70.88323166040864,16.512418901793293,0.661822318579718,7.511748446407846,8.223050016649188,9.620364188627796,5.7286841518775455,1.8531325844340976,23.388486733445855,8.55501228855227,10.09079595747031,money
37.83662963300302,18.792140760831195,1.8567988532979338,4.505255769709337,0.41092156044059075,3.185536691421507,8.428159676144908,1.5563477653674838,5.8223912871696735,10.82571967017587,8.190668035989303,2.773644376581127,7.541229763542118,8.404019187935903,2.9700203325931493,8.594020382601016,30.38732047128713,13.440011143263176,51.14326869739937,74.06341263335446,14.951373937880014,3.752773707455175,11.055765076154087,8.81324068875342,10.860827162234704,6.5961017904180865,2.4960740989405976,25.680756172367197,8.943409078882155,11.548041217070654,money
39.287851771698094,17.930794177576967,0.7739238548742191,7.090382099930666,0.14541298206412584,3.26537705795116,9.394072469317408,3.0652246938341423,5.4168376412009325,12.192736326556465,8.676827554455546,3.2699737486798743,7.134189733520788,9.689489995643084,3.050039412573113,9.261382032554918,31.06651836868268,11.893113117129273,57.798636839514614,68.81949589191562,15.040379294053997,0.44449630772643106,9.183131798872624,8.47205649585748,6.142794238388372,5.128836538870749,1.201415880457689,22.05700305692229,9.653312828014366,10.557495338243056,money
28.319955735235624,26.321216765403637,6.5965580044462175,25.132172134889434,8.49655339476674,0.5731497259162034,6.185956052754113,6.328050631365007,1.2627858791486393,7.74379279736376,2.5620213668931417,2.171780025850927,15.306085383919582,1.7815792734887543,1.1938324126516726,15.267965620858584,22.013184190320782,40.23679218434629,45.34302151850882,90.1074179766201,14.0034510170398,3.2402316516930414,1.3406566799085773,8.573984217644181,8.620752921810965,1.7771044660223805,3.4658408420318767,19.09192975875292,10.459894881310895,11.663186639045204,money
29.00701386120053,24.720498193350245,5.20182893558273,24.699666400350715,8.702592673810251,0.7652046874405627,6.789638708647747,6.720561148381043,0.6887580125066312,5.63674199754662,2.098650832957843,1.6831421967037234,13.514447307408897,0.6188981433621588,0.6409702847723284,16.81044190784632,28.272866005056706,23.81219005758212,44.05139220603341,91.05716414734806,13.171873046847246,3.664000089712285,3.2091250139377037,9.167636809359221,8.497952952057377,0.8317291102038163,2.91493343807973,21.050881536854618,10.843076934377027,12.041654581066128,money
29.29879768509581,24.774426331355926,6.74458575159639,25.69839050017708,11.066142873752908,0.7818039230917198,8.027322996601912,6.13302602294541,2.6634371725947044,7.908986820224288,3.219648358386395,2.5777572284500434,16.62444403629144,0.4608860349991679,0.9284113189239326,13.242549114955464,26.221364617659027,11.381403218277695,38.593795123879076,97.33338033167922,14.742597591269572,6.726364000929837,5.727322116666133,9.130488897790498,10.156312392821569,3.504014155343388,3.6971209393756412,20.176756481868964,11.004159100202134,11.431580576157303,money
30.311918610248185,26.070384174401266,3.295503122890074,26.749090590705183,8.075030346010394,0.280113116112115,7.5348477673887775,5.171690692259825,1.4680427817787585,10.28942433962172,2.190615585807631,2.1076895220781955,18.91351284264661,1.3340258085378185,1.2197755540832542,15.15004631273092,29.25497284655374,7.657264477820908,40.08885791334424,95.30832338113487,12.265677322742704,3.2739794009780954,4.107541987013526,8.678967448097692,7.173584967075886,1.440745093216814,1.9746468443865708,17.253351213121398,9.776428240446922,9.529249911199924,money
15.962677964031927,28.705810971237,15.354173972073648,41.896133839764104,94.3007398740939,13.205606169289187,3.0728519929473475,3.1953937109015866,8.949997473092953,6.866478957408265,0.02697407186308883,2.5644439712464324,16.628307554444437,9.735798685478038,10.524269751772874,29.16360302638395,26.033861870319733,7.32503803449945,25.69980009445509,8.989681890789537,0.5190350743872446,6.499548123843546,6.049653818963975,1.392240028138752,8.301210167531758,3.1608771918391785,2.5510013242498535,16.015236431797415,0.4134278003060858,2.0386217992597566,money
27.391785923434433,27.030262822143833,8.491890163026156,24.125733343563528,7.518816587881473,0.6224032706942527,5.277738930146618,7.0203290470991595,0.8138761091300951,7.920797828730627,1.91233647897716,1.7284795559790047,15.317646849574057,1.3871285267461382,1.149968433845408,11.152858058091883,22.68489370531676,12.700770885344502,38.33000321649387,91.39365587121206,14.16491839569103,8.255072764990667,3.861331630587316,7.7216624570415,10.244853432068323,2.001461967006556,3.1786450393663,20.561159803820523,9.585557587153161,9.56418518984048,money
27.759270817056652,27.680940173305046,7.2917811547124725,24.52256280440373,7.132599183994798,1.1503960550891958,6.367388685064098,5.956457885403363,0.7539582232861679,6.87966698362374,2.7866866542163073,2.2249778261345927,15.22754293797688,0.6382307326947496,1.535430605264627,11.763978357622557,23.20420353976382,18.99566446424151,39.175155528496326,90.1986423121136,12.228502005781825,7.525044382104804,3.7102270718296047,8.30384820806274,10.980105037141806,3.052694401012767,2.7568450522667853,23.729220144723413,11.633360764025122,11.011471401187986,money
26.296858624667504,29.136552740522095,9.207198371371046,25.258635285715876,5.564715828040006,1.4716390826756651,5.708665831389694,5.911283357529523,0.9627953648469787,9.084430564792497,1.6032931529072794,2.5730050224466043,13.959333988017567,0.30650344852041744,1.4109724419489098,11.727112414461592,23.426726071707783,28.661968632518406,39.847855142329315,92.89634142451197,13.041860598352358,7.393952272704265,3.395962206030136,8.505463269188654,10.729672951522419,3.625553423132696,1.205451787229732,22.005241831452985,11.836331229152249,9.543720279052469,money
28.25422427716348,26.23067378595877,10.30667583104935,24.406967209403284,6.882015467050655,0.6644324771067949,6.750926612396923,5.538375654488174,1.3078602083128517,6.75372111009427,2.9816178672437212,2.0823419739351205,15.059099173989367,0.8053123183502868,0.9756227132606229,13.009307392502409,24.44246844590078,18.119259066934934,32.26922387364972,99.7959232617242,12.748887312151073,5.651914220088331,4.851922332725419,8.749428744630839,7.731558428152172,0.5839586883238176,2.3037758899182585,19.502177634189323,9.884907184823172,10.076341417423132,money
30.06790111879732,26.50781254455996,5.20116812569972,25.590175753535405,8.819413604071109,0.496918583433477,6.22939308096017,6.820146423829205,0.5226416983213752,8.08361576438709,1.6948883184965726,1.3604144454477922,15.385256221369334,0.9132916722377395,1.1569988961659494,12.21207766687343,26.876103121240853,7.578608856422864,41.301914081347505,94.22330907361885,12.54538827709183,1.418727259616184,0.8899572344721733,7.698244723863654,5.215090696825882,0.8443428623015035,2.766649082537473,18.176936389608855,12.105639500524905,10.502568843718949,money
27.971894167174998,27.218209997659812,5.232553099910838,23.590952576444224,7.512454923324451,1.1688992683901192,5.463718569283911,5.930825861978744,0.5750085142039032,7.371727276551414,2.3714321759507766,1.4219619932508079,14.026257216990034,0.8913425273876577,0.10487880455647987,12.307624342828,25.374225608434138,16.03959339895976,37.26729388547651,96.68516308009652,14.235259233287142,5.137483833372937,4.24375460229131,9.29484104197327,8.07713147882917,0.8331471068204768,2.0732174787467152,21.458317192010384,12.189017108359375,10.340506308351296,money
27.118445003073745,27.527340331724556,7.200551503339626,23.79299802062924,6.99232800777003,0.7934406584424668,5.7542212591759165,6.296992017295562,1.0877661187159173,7.2424276400101295,1.787594428118152,2.3887323711732997,14.43478449549551,0.34411026854025656,1.7180096736653725,10.253492678472396,25.07401116149435,5.889410051891366,34.73637905055813,97.80477105104538,13.958745345683269,2.7402506239225066,0.7316248875364684,9.94041963229075,7.508139424763746,1.7161380967007231,3.061255252223474,18.68460428023609,9.92539412633327,10.186727050913671,money
27.728558365620835,27.901392047336333,7.849401761560099,24.485108058837145,7.053698915096512,0.821939814481598,5.414907536799655,6.588145523391864,0.7039250706785017,7.74627715509141,2.4363018594173202,1.5932419307923327,14.619802273441325,1.1470427390515059,1.02480360749698,12.403506332853436,23.991310077431486,23.775707168501665,38.84125640933965,94.28163383395763,10.621070672168198,5.681726002345677,3.6101746471728138,8.175574664392155,7.375851036207082,1.9516624272508847,1.9268829958766764,18.787901683418802,10.016667349219476,10.667910123421942,money
26.78070126997957,27.30729067863108,8.584715314642613,23.408099570977914,8.055197211960845,0.3709582283170962,5.3378102798570985,6.939525319764723,1.1742405678691532,7.484711723516987,1.3056196135984934,2.0527373745733977,14.576633939615338,1.8198945432145515,1.4431445234079143,13.397624870204519,26.579252616393436,21.608420235404715,38.262073106467426,94.82911991518405,11.454167744900477,5.289249057088276,4.5592433408535555,8.533748070469855,7.477979992219508,0.19170987522726632,3.464060134462819,19.538108321267803,10.008211739479009,11.85329665803013,money
27.500668291431946,26.24946728486144,6.554150240242296,24.463697585155174,7.825525180778871,0.49402234777679377,6.946767849292224,5.832595242731797,2.5395090364817006,6.5465303966993424,2.7095868020547655,3.1055354018981953,14.200250428047037,0.4913662506042807,1.6018568331490661,13.021544551977861,23.98988079443198,14.463897021789311,33.199686541016334,99.06659853139244,11.957868234742088,5.598255289285012,3.6864558788925788,8.821747728693879,9.288205973265663,0.9393032236189963,2.274864068147157,22.56719121365006,11.597569058698893,9.409517482035028,money
25.873727198417807,26.642462621465256,8.153975735273907,22.224638877474536,7.187013181114417,0.5120056510989953,4.514319655469124,6.399880773569299,1.1423745498586813,6.976116351678016,2.2038614075660514,2.0956444617891323,14.187736521237067,1.4124508461898293,0.6154018067730883,12.464485859483124,25.74970889325304,17.232747890655222,31.08321407995679,100.40567798711756,10.855843446549315,7.955220380531334,6.424590790539039,8.751201055880616,9.393582984496929,0.4012038956952999,3.604439730461575,23.940485224984418,12.459919826432612,12.242582608944183,money
29.478141957472637,26.748616663301103,5.663384731731505,24.818459529272896,8.319829531277588,0.09161652911355563,6.318611416487826,4.840621799587644,1.511636287644744,7.772354643417136,3.71426672228405,2.1516565684950897,14.558146404688467,1.7799253519606886,1.2761036915796626,11.263522163399074,23.164340508243534,10.883958078294564,35.49030215697369,95.97162118458448,11.644531572571996,9.117763661485162,6.53080022129797,7.7150224466299875,11.652724566169963,3.500360533164831,3.216796095202182,26.069162550443984,14.673750422651079,11.22746733605591,money
28.520430797349036,26.603229480731695,4.118256287636032,23.301096652978355,7.9630401075669655,0.7522996176389046,5.2501556601939745,5.049770378121737,1.9365900618538807,7.810677922546091,3.1213918207395133,2.3646935030466105,13.966953847831636,1.5350347913219693,1.1502369891651354,13.621671777884618,23.331730492943734,18.139393765151333,32.130390248423005,100.35987457652337,9.706442999877689,9.966893862212377,9.954927177869255,7.3287810971804515,10.355694880542305,4.048835093496318,3.750336623914552,26.490863985544696,12.891969865367187,13.432154137486188,money
28.32673648699109,27.965992576934575,6.3076796868529765,24.52859658101213,7.125518490435178,0.6312105886429217,6.253004018727553,4.122823643771079,2.008832400058166,8.70267527257139,4.412250138580308,2.3535967550156482,15.849511519178725,0.7537704972057462,0.7302911420210924,11.935608749296113,25.56213049782107,15.35643714792656,31.862657274160085,97.64638287068635,12.464932702768127,12.040760260121921,7.659371133063903,8.40909172944783,11.476330328004606,2.78268966351302,2.895018208718607,27.369121660911144,13.487557406943846,10.206290136233857,money
27.150434981889592,26.87213491788053,5.891554339413059,22.988254730893978,8.009940735935832,0.4996053164336814,5.633147289159738,4.447313183965562,1.6897091296828661,7.403633401762926,4.029111299912752,2.0692427223968806,12.879921382314125,0.8735355982736583,0.5178004788166733,9.290004646492568,20.595407788457088,18.160921251793685,30.211023362293915,95.87149768319598,10.497914888895645,12.814853232746431,7.101197078128696,8.170152830958648,13.277198300913046,2.295410656971008,2.3121591635184333,29.497823239227724,14.19590120083584,11.237997658312278,money
27.102986161553254,26.330008660241504,5.370577789594129,22.90432116414586,5.615368192570874,0.521964057071327,5.1529636095442015,4.624584203148426,1.4311874098289783,8.928814386901507,2.842308660574948,2.203886916502723,15.599756824314595,0.21336183755459534,0.7763482038665303,11.377532040880737,25.71213295770291,17.13236345685739,31.6397860421259,98.08149427200175,11.624240756317354,9.779755019385725,8.129622568969515,8.226770165876404,10.972893702266271,4.021519008546915,2.8029393329438883,25.28550975091813,14.441086651790027,11.465420372392442,money
26.185278455385554,27.99800332555382,2.8012759581910167,22.24556730770977,4.596909820988152,0.3395770844386654,4.656743490643679,3.8211130907201745,1.6598968195821555,8.96062213327269,5.058734826378978,2.8288144851756147,16.25732367543472,0.6802506599687358,1.0319022105581905,10.895735414252119,19.594604128343956,13.065909416838254,24.986036247245313,99.9374423071503,11.340986114170233,11.686420431766164,9.308246252280403,8.070737531741372,13.578940033851476,0.956012387716537,3.9899936800992735,32.699401462118914,16.52533542995001,12.630233639970061,money
27.689803747613293,24.97591703547165,4.868226904337239,23.719405651505873,6.172356743410741,0.12205932921457699,6.093899521831335,4.7754001041317675,1.8684596884987523,6.153445414581295,3.6295824323000527,2.8235419245882607,11.99111731646919,1.2582347331966528,1.1521867345633563,10.749205826439177,20.062478059284587,5.990206848206548,27.493988522537265,97.14592969477737,12.221121687720947,13.127643206601116,10.28774002577958,8.262936486176242,15.182556224716967,1.2265236594820978,4.335519256823829,36.564568774984416,18.621814551046484,13.807088281947864,money
25.744794266041605,27.970285423605,5.196890102735811,23.801002118396156,5.7418039132480105,0.7579516073623397,6.165637090453403,4.313122451247364,2.484004594624389,6.895875305425155,3.3221788989535286,2.970920460329489,12.070351669688677,0.5184045815629229,1.4519006704741295,9.447326835616972,19.809735220599073,12.691305030071648,28.820007749933595,95.46895796987441,11.172831394046202,12.547735091155424,9.7661688938071,7.867687899544842,16.54398676611761,6.9326365615736005,3.3055588341316677,32.15168136850526,18.566067211459412,12.276706310364194,money
26.600156976584206,27.603178319943915,4.705148441137791,22.848777672888506,6.074948580319015,0.06743413443502393,4.798458821520199,4.709186606147837,1.0740668077568238,5.505939137667954,5.273017047719677,2.4625138207850408,10.085224842110065,1.4746820484599095,0.5507096283191896,11.943166852784607,18.29939059160666,20.653468501377112,21.669802213891792,98.03935822772671,9.587958069653602,11.876424867587431,7.561796598340896,7.451372697696152,15.002078090627373,3.4858757829258513,2.2330216594247427,34.00451729449182,19.30242170375806,13.39373623660422,money
12.330204380128981,20.576711652790685,16.142710663626648,26.04444968098031,96.87994340199924,8.932050641503189,12.222273543411916,10.17370162924034,7.125262480527691,15.162817593290743,4.718054347572076,4.485806200896558,31.651203260988503,19.692521328504156,13.923087320507491,25.836772472215983,28.552259705618322,2.162802148737968,22.649483613221655,5.444614352780793,0.17598433636526642,4.348297364964002,5.171134577206936,1.380570070498982,5.895173108408784,4.146842382570887,2.736264716149841,10.590629658949661,0.40694366090480155,1.377797860661054,money
26.274792158148934,26.99652803777472,2.193947440351806,22.348392149763527,3.6745770634992456,0.7844508580253441,4.919632432019034,4.12568198321495,2.033934214064326,6.116798783419825,3.3339917216301336,3.072852696023762,12.228864908671595,1.2804864488649437,0.9674796696812341,11.215558328111316,20.090555920952227,10.328670796816644,25.141467905468364,94.43245898909154,9.953710667284625,11.272533311642164,11.491600491170868,7.056954262259267,13.97103666131566,4.136636250488037,3.0189343299528026,36.362096856882516,21.634602720761784,12.59217818940941,money
26.317914089183766,28.97894259544221,0.0027893599065004562,22.845410445528447,4.480614042098989,0.03707580485744448,4.82270747260466,3.6745210216271396,1.4356424929113163,7.014105435318145,3.875143191052438,2.463227461455716,12.708848598358928,0.6294323659467334,1.0688454196279205,9.27817116941356,16.97347078483264,12.904362289309262,23.054912685055708,94.98000082866314,11.008139296429968,12.01899785065463,8.335428807518939,6.767523469769406,16.530136902793497,3.9490622182552046,2.6559820928875335,39.08583390033787,20.097520246458785,13.255289560276724,money
26.698234668426647,28.896003864657192,1.4397058409174681,22.96637032058426,3.543909184604761,0.7222193639680552,6.02512997071333,3.103377667679999,0.7020174985162592,6.14797169442571,3.233074013125146,1.8826348372104025,12.407175118060401,1.3801588079798528,1.1788385616414758,9.441268563647895,17.869795845614227,11.899343460968959,24.888671876201144,92.84131102953305,11.375721207782123,11.50908027123012,9.027359102774241,6.532367779179935,17.97606620240098,5.826763228899652,2.692479122092892,46.957047150686144,25.89936221464291,13.90776618612351,money
26.389420371791104,28.775883259168467,1.265597332872457,22.412710501739156,2.9707545508652067,0.06846877602324745,5.695135931053428,3.139400115530926,1.7149739349857183,5.620030346782566,3.9789972402631886,2.7381295859696237,11.418158822563207,1.0772950405809907,1.4207292861882272,7.382774063447479,18.42989257580838,11.920424986262605,21.311416317224374,98.60283398735885,7.579162819972427,14.025753257066473,12.055573013151834,4.293941237374365,19.635141276952506,7.5392875611238654,3.337601100311922,43.597395313013685,25.067482663975827,12.347148621728593,money
27.332048654218546,28.42352058298338,1.970094167545923,21.074490511778386,2.6963699499216705,0.8462785192482232,4.070335691795758,3.426340965910167,1.0882324659767777,7.4551192447697066,2.260952416329977,1.7734370564803361,11.64279693613121,1.5405479208428645,1.0436281931459723,8.622165263947803,16.015069278628577,15.04201384751061,21.163075031377325,97.32110150134787,8.918178339580235,12.862259151409182,9.46760894166052,4.828176965618377,18.12549782230781,6.933757324477062,3.8568899036466573,43.445106637753454,25.361248654251007,14.65141183623504,money
25.871313699269145,27.83592068984434,3.8207640910962706,21.002307055115164,3.894395003548542,0.4048840611705892,3.8796443766378053,3.090043046524584,1.7717594790251894,5.8916448042700695,4.4745515078338265,2.8392914903722657,10.474834398940182,0.21794059665265522,2.0281306052168064,7.809003018860188,19.173055264206226,12.182987910370061,20.23400768087072,97.64998395858451,6.831079057160785,11.21864696430617,9.250503581646612,5.023409992792859,16.519989407303594,5.861395746744176,3.0485113971893365,41.88166461353642,28.230646775991943,14.979482587446482,money
26.385411277475956,27.03652878344742,0.5161851682607289,21.12085231074911,4.191638704243868,0.2972870530223283,5.009791822873712,2.940161002415081,1.3920064147231157,4.147312610865893,5.305162207859251,2.193525625365527,8.749738859260408,1.4129563110197032,1.3925686728543816,9.310060485827147,21.37729836057816,9.062629488155697,19.378936869165376,97.70598438034956,6.271011356694968,11.757250274141157,10.1975280180521,4.579245724368038,17.804020114597055,6.518769969244201,2.303335656632615,41.85953435735618,24.886131042884276,12.109167026722671,money
24.728229408346504,28.443111459632085,4.205500718076736,18.61024488052362,5.355429473501426,1.7449305837235272,2.190843422208036,3.7871559140169677,0.6867586457945538,6.542378725249955,3.651512121197845,2.1438498573778366,9.748283090142177,0.012788916373699999,2.0133213313271905,13.653592780925567,23.712915379025453,14.388046583796328,18.68683546972386,96.76422810383484,8.42360388017594,8.66484701844542,7.564858140662428,5.807643326348971,13.418744557546404,4.122053273657507,1.247550024643379,38.477358562536246,24.022053564065157,13.896317677389256,money
26.89806754855541,29.024233454902696,2.829518047848739,21.910323492703295,2.219700278663502,0.5129282476174155,4.384453873858847,2.7102362828747473,1.0535670271883082,4.8444430041226925,4.818061012901667,1.8512933277209154,8.866233005885046,0.25769748162800776,1.4569845276207403,7.992234372694238,20.036172230814575,11.369071384750717,21.134547283084487,95.96353305733888,7.103745430554325,9.189760487470352,7.226976459060202,5.799501298066739,16.731516357880746,6.247995176194449,1.8706957804408753,41.50224402515196,22.993759433636317,12.0715363494649,money
27.198146426563564,28.40253274282609,3.3499323743055625,21.505919022423242,1.590253490474597,0.09946588040371807,3.3484274410477495,1.8240357400795941,1.757877282258359,6.689955815601849,4.826118052944908,1.926690221192822,10.710338424904,0.7827867530874905,0.9264807829609603,7.055724852092438,21.492989529672315,9.66675259847955,23.94377965315191,90.18118961674108,11.273657456428571,11.227986492803291,13.182849594195758,5.771765765448818,16.716538715457073,8.131520558493873,1.0428294112167267,48.15880959375767,27.935987043788735,12.802752165576305,money
8.552807941162216,18.98104281327983,10.405205834830108,14.06100182718414,101.753563673446,6.95568073041754,12.497783958732857,10.613267264384259,5.984629421563397,18.224974554814928,8.591410350665726,2.276539156264105,43.593280511265206,23.92156909033883,13.744593903259323,25.220574303230052,30.339719482506975,3.9509557427257382,17.505471968783542,5.104282043979452,1.675397097738323,1.3642114935077059,3.061324206536337,0.9396760379557797,8.268820174341013,5.669856564880995,1.8498470516878516,10.73705340629286,0.808497415111793,1.6831574571080172,money
9.04316035539943,21.948312402404323,10.392571015001685,16.39407685470895,100.41497011153146,6.9411088845867965,9.605507209492952,8.752984639502412,5.178638230582546,14.74583137776142,6.463735121097666,2.7732726995473773,40.23079280751584,28.87601675880719,14.393804727187636,25.085233620653607,29.7875999037798,4.113627917305767,17.269959860289365,4.693749709507897,1.6460043131848259,0.9550839457126605,3.171196673350954,0.36822211275768146,6.8554676510675225,5.45669948290404,2.0463263802832934,9.863183203460371,0.9840983379080238,2.110914189184385,money
10.251600589151389,21.435755117263444,10.87574878881774,13.132886896734757,102.29397070595387,6.5046232872698075,10.29770356147547,11.066143239452728,5.547468264155939,13.332106588842416,8.12776597458206,1.7332790067986874,39.13758629834962,26.894454316584756,13.579703113651352,27.67923536996934,28.026493150771426,3.2784184804035275,19.224544849115905,0.7777434704569702,0.38747682153075924,0.8522379749163173,1.7684760716822963,1.094849056645696,8.101511917996646,5.14424038937092,1.8730637643112606,10.641665481628538,0.08205162403000885,1.8170185489247836,money
8.314747098643538,22.00994828422591,6.990187384581077,18.25641090695432,99.88665706446305,7.370049116768045,7.682554095675719,10.990305494606769,6.231113693001638,12.81345589617891,8.226520290395635,1.9303407868780433,35.49522446663134,27.608009421122883,13.422615978825096,26.106579329218885,28.595636552039085,5.303841030618081,19.65745942217126,0.6199060929755426,0.9233149637809546,1.688368162407962,2.100315252674261,0.7822897940620359,7.034834439180478,5.481878916032652,1.9508666043196063,10.145019968998092,0.18667149668419503,1.4764440661748937,money
24.0926404928442,29.666367086500692,4.031724974729872,18.328223225485573,3.57609314738695,0.7581645308811215,3.0294755074374526,0.8963723528962102,0.5532611394433166,6.711468328778027,4.720200612940208,1.4930863597503798,8.170452434499044,2.967563209236947,1.8168617058996437,10.072761968045986,22.14073717351198,10.148920458321133,16.724517678299847,98.24572041690784,8.755327450797173,7.465839783292761,7.821185891747285,4.3060754937845545,11.735249708078399,5.085096705637793,3.4036556124544064,38.35434040426348,33.449732171794835,15.976403034393599,money
24.808154698737617,29.447972828104003,3.4241549810026193,18.52196229492049,2.6461145389863074,1.1430910694744645,3.3874162450733714,0.6804126874556738,0.06686021572425,6.9554975744030365,4.0032906785037925,1.1364926364880361,10.212451697848818,2.7780011233155575,1.4833004018771805,9.718931255577472,19.48396434925436,7.878999950260628,17.08860249720323,91.66996821985667,11.834600626699697,11.416088846540045,11.846434225943508,6.285059803871609,15.785758265020377,5.555187148124329,0.9650289200443809,41.95877183344161,21.957415859755294,12.374835813400459,money
23.857023921745963,30.61439549944554,3.994127059007105,18.476210857219044,0.48514597526484765,0.14126285243350845,2.6735621860673113,0.11453124569453096,1.4252215540735926,5.57318573303709,5.683595972594873,2.9245367758305005,6.182304102073824,4.964574050514532,3.5554436913139065,9.373033433754035,19.470316246484387,7.174667748487572,16.93977184600737,95.2037013426315,9.989614661031844,11.164085433393534,10.47022851301027,5.201927343035706,14.999508318983068,6.562849914531969,1.3265570109925389,42.10282436377545,33.35747219621606,12.380325766344415,money
26.418542251484283,28.879902423188817,3.4979726117096117,17.62795350619835,3.4749610098322155,0.7373464934029517,1.350417247686799,1.4977457095742444,0.5573971288337249,8.271206848541915,3.8742330533591187,0.4227553226899571,7.907283517808343,2.8929538855535544,0.07947595962716211,9.041077723125477,18.66019981171956,7.464846646558267,16.193620473253088,94.72811476756894,10.372645900230825,10.752757068856202,9.165741127218677,5.39039570598788,16.489631634347656,5.349272591084736,1.2453242859110398,49.600233425677374,33.65573211713314,13.744163676258452,money
25.55741385893804,29.765899447445214,4.970328723970472,18.146085928472075,3.955712475495483,0.017366709280708964,2.2870371112509127,0.5562423692823093,0.3147259994485483,6.96908602301004,4.834834035778826,1.28656144623644,7.870132363685969,2.6887228612203495,0.9796993045331901,13.415133909805803,21.021996416660894,14.271527896201698,10.1369773936605,99.01332388565314,10.932646013143135,13.838108328646546,8.991713289173415,4.313082296478508,18.082240586223296,3.2456381233221,1.6187650702893412,51.65519602938802,32.20382294107691,13.172523426347897,money
25.597066549275148,28.94053770691317,3.162901008344003,15.897474568297406,2.2875580788513377,1.55111084616035,0.17083301079207056,0.30435141338545285,0.5752413422785182,7.112405334926127,6.221027516044407,1.1691084289998335,7.922467921882097,1.9691203130039114,1.84033419027549,8.336974093280187,20.68304374266056,11.091576396374062,13.863210951345028,96.67502397540599,12.359912879920653,10.763470930077503,11.98087226054472,5.09985207208037,17.0065831101609,11.076947083993721,0.47830717875884365,48.338080962390265,34.801966301721585,12.919953543390811,money
26.269923031698546,28.660237239788028,4.228154654730782,14.984715352103123,2.160002554456135,0.7095291641419617,0.5931199063072367,0.5046631844711924,0.12914212371800868,7.047758305015852,5.214466215239792,1.1196452982131073,7.594226617677356,1.7456115309947562,1.6366550476801511,8.235856251712981,20.315405259684443,10.933666686905372,10.797251949055513,98.79909076111282,10.376012183779677,14.892986872696877,14.934756733366932,3.9133261998391125,18.936490622591524,9.240542415175883,0.7554267750746075,45.24438328738038,29.256577941989747,9.689969782546987,money
27.332925691967905,26.615868968378336,4.295113708829956,15.644194120018467,2.625793356719085,1.413380974488102,0.47396334125990597,0.43175329858787037,0.33669627965784044,7.106779985856128,5.969985939493767,1.3318324570959248,7.255391446654022,2.110371390969367,1.8039416581874532,12.267724273843854,19.248667610737087,10.788907459400312,4.503365602098706,93.50417759240386,11.262893663597147,18.712842191333543,13.014554587468599,2.7344376604078415,25.04220299265881,8.135572840062903,1.107265771147975,49.355667952544984,19.195190850873303,7.047710277393027,money
27.066238111806545,28.188667729866967,2.82953598226231,16.615624842206724,0.2576868218143038,0.7125601274885275,0.2643882552153188,0.5895853094435326,0.2955815876742317,6.9125633842249865,4.472389109878462,2.049837006615162,7.601124268972013,1.7514755371599002,1.7375261746028792,15.172469528611082,19.38107117986682,16.691391658053114,4.272843549440542,92.26017422314196,13.568497192105474,20.814439172892776,11.979363073804945,2.673929818546882,26.91589571749638,5.9358778842227276,1.5821302098663792,48.68800109717656,12.428280565460335,4.733403936991156,money
25.88143066501589,28.83404265381383,3.971327636004889,15.9595753216074,2.2304507411238776,0.978503816754553,1.0071104470728183,0.14734199147320085,0.008591492478992694,6.092871225425897,6.348248383340268,1.7876532163934058,7.575093248361473,1.6571758331054056,2.4768647968437874,16.8248117373026,17.790233101547567,11.341770739899538,0.1725226528206567,94.91758872925712,12.40062628346918,21.93091144132273,16.584940852002916,0.07073359727078093,25.601100927662817,8.138534185447021,0.614474466907817,47.70731967211629,18.503733989563237,8.620065851101737,money
27.36082228781132,26.11414049516476,6.046002746042903,14.644393389325245,3.531983225898725,0.41068289852480133,1.005703425355244,0.2423805716250181,0.1625152340891603,6.531603979424892,3.683453151642549,1.1462923453988283,6.385568500890236,1.9773241491754034,1.2063421374465584,18.82802118626848,20.929500841909608,11.622113454047412,1.9976272742689374,91.2506511149084,14.79084551780234,20.242856474559602,15.659443082847789,0.9601664688750426,24.617404931061177,8.309984797188276,1.426080012302204,41.89585951112905,15.594770124674357,5.251254662815404,money
28.243654952962412,26.32557986128666,3.8776976920794293,12.217144249593607,1.7128983940574023,0.5250550702648016,0.8160867094671448,1.071632581073894,0.33209046724667285,7.788337201680549,5.243611289169749,0.4513410411808892,7.7795117158430545,2.241881836239837,0.9910719914510245,16.05552671837598,16.334915716670764,11.54225546614383,3.0606398851391585,93.414465501752,12.741723059680865,21.09198355470299,17.923547144307364,2.0983283483620276,24.986688609345375,11.41890112739048,1.1239818515292705,44.78717789398712,17.89972640680341,5.876805206293154,money
18.451283367677902,19.568450309050125,10.449342689574484,7.992319953256021,88.21955652890973,13.086072042055356,19.299361837854605,17.097699549064725,1.6735253616007972,25.324806750996515,10.95967812164834,1.5351116259070057,46.68180654127221,20.031027590704937,6.771609343678117,25.545775832780965,29.219311324551242,2.4836161888895862,15.326531027382247,1.704829667673606,1.1268326860930535,0.23127543555386712,2.039473974378418,0.7960392487493211,7.24925459361991,5.217746654918898,1.9143518668794295,6.129721047032122,3.145527217424755,2.5445792442935122,money
27.01809528896986,27.882862728368924,4.767061885394254,12.814001650960781,2.5179067145941443,0.1152817592689463,1.2050475737204525,0.19231497250101703,0.011491362216489356,6.944926036263978,4.723273008694352,1.2182548571086917,6.700848719783831,2.6126312354718144,1.640734369744113,17.96016056542634,19.546285802268436,10.21839624547385,3.7354124581124406,90.5995396575523,12.620655294495405,21.36477119963672,16.116065099569294,1.8863916087729629,26.685631468114774,9.356823942395486,1.8115669498326785,44.84631242916508,18.558305033361414,6.263870780378945,money
23.90063995384326,25.356835167783665,4.626171146415775,12.144536936426402,1.9542770577659385,5.461810573768506,4.993426476720716,1.6948304406215753,7.221824346010759,4.940253323756427,0.624776266392456,3.3964364910504177,6.1021529712606775,0.011609147107454422,0.0264255714085144,28.579193392858596,13.782650536551824,3.600298442123168,25.582965410633708,81.46613582510008,24.663719509750468,14.085195690693144,31.206172085599988,4.4634243196974035,20.211502893341066,19.888680251175764,5.1341353567837285,28.83508259290151,10.566583840211594,5.736287157488827,money
26.454689312325343,24.729090749354807,1.1723282243963167,13.231585013416414,1.3574597106638244,4.090564581201683,5.392396025137336,1.3988746721669196,5.018515639557279,5.115641860447854,0.34593923490085676,2.8792920584592108,8.041426036526675,0.4531450242827467,0.12435732542665956,30.28329239535277,12.321436520193437,4.425255895290872,25.710606569348244,79.56948535867927,25.573812860496503,14.40292787193297,30.065399156559835,4.718194977492767,20.594948486578183,16.7466622245191,4.401344689073319,29.485748325786975,8.964082400102175,5.750514126733281,money
24.71312815627466,20.9890551505716,4.713479074427307,13.162121794298224,0.6570495540126411,4.076477552456307,6.518757204081814,4.815307607038374,5.7862807088293815,5.245416458994945,1.4405525247927298,2.599863986543741,6.040176801486986,1.1460286403890598,0.08506087341073564,29.264563819541948,12.84486165087677,7.9577209066187065,31.050456310295328,80.61247906032135,25.28234226832716,11.224332079462377,28.42419144379176,0.42720978762353506,20.406432791373167,17.906932786912844,3.098689322945778,30.729222146252802,15.259030868098055,6.561584667082798,money
25.287080899931713,25.104779068973155,2.5123086345640275,10.898064061995074,0.9009667883690998,4.946761096730343,1.3162510884590737,1.0206777339945197,7.356047121337019,6.933641964595456,0.5577151406099526,3.436414553566118,8.251145857958004,0.15982112886801825,0.12862167991799744,28.068074028194143,11.379499339637489,4.3643660866555285,23.30221869081948,82.09052698186585,23.67801027075004,14.584653115688953,26.250321141562633,2.2222997041688863,21.085563224734067,15.927281094854145,3.8957636472896695,29.085781175769903,8.447334509202474,5.246620650514745,money
23.238245307953072,12.921398406728073,12.5809385575594,28.80735572484006,79.8815404371095,26.087018636545903,13.1695795833215,30.182134710386023,3.5425296611995916,19.994414981946978,17.816311654546666,4.466948199358691,29.931938307308386,10.554364134884544,4.244440884164173,25.428389526011195,25.71345798812182,3.4075420974716746,12.84313316619715,0.06260818453234301,3.07721649122201,2.4143742810392093,0.390026371897996,5.061531239262203,7.423729950613331,0.5707726593127012,3.3385446474158234,8.841117668183772,0.5586318816318209,1.5814079202737366,money
28.631820133427496,14.444707068421257,14.623756451224565,29.163120364242786,78.64944800771644,21.711042252498906,11.575039758959017,27.055436055784625,1.5361082589466728,21.040038680130895,16.51946680070645,3.7221901954177423,31.956088928752163,15.877901609760121,7.254739840430218,24.412083607510244,22.240156971477592,4.093729852077149,10.933173829992553,1.5164133321242923,4.816218098910539,1.7543212253401665,1.8983690194909113,7.328391119792967,6.981275749159067,0.059699819741027116,3.2497905270089933,7.2239585848274634,0.4876464713789289,0.2300661299580527,money
27.03281397948727,12.929834459831387,17.793968042498243,27.852436155036106,81.62988960754443,23.54366655688187,13.128641660448812,28.174937660317106,2.6319193123552798,21.477576841023804,16.686802991641795,3.9740960213892778,33.17228933908532,15.968952786473302,7.164801337566287,25.784973822131015,24.10552822610552,3.585549986678938,12.952354743089694,0.2820970603789358,2.532570198298484,3.674126633281042,2.8588275006638093,4.86323604874984,5.951018144409112,0.9913601682239863,3.0508614875156157,7.628641495411566,0.21127360867759734,1.3418227559138898,money
29.630862325722127,12.219324473617592,7.273443897039852,29.594933641098187,77.80651092076063,24.450548650655357,13.155584710904192,29.139407530764256,0.2793209465242321,22.834435535609465,19.4386681069186,1.9487280854883728,32.91383141095376,15.120364763559792,5.985296021353478,24.645466662693977,23.02373222902132,2.1182261069666164,13.629513216069924,1.1753006014845468,2.064288002330134,5.402370458974807,3.849678275106345,5.1402687216953025,3.571363146706571,1.7305630916077699,2.7841925829797365,4.733180419564591,0.5999779957120294,0.018633975886404332,money
26.63286487888249,13.248461413826021,6.625667102683134,21.979215900210978,84.157693526042,20.69058254935132,18.251636837846288,32.19758825309872,3.699633431214971,24.194723231032427,18.36304483141192,5.793212115817093,29.9530646006757,11.075920825493744,7.493300976864772,26.05531024655085,23.49281329865512,0.8548088294451642,12.732853389254847,1.9349349202900683,3.3856906798166917,2.651551459600443,4.448094538485606,6.211583075903552,6.762979799431647,0.40735340847709306,3.9387829360380935,8.056391180300059,0.567303593199162,1.3421316859148384,money
28.493688005685826,12.833783134228737,3.324675136119939,25.930713887548325,81.88832149405319,24.246194801163057,14.752735971850347,32.2102810081394,4.450339076737652,22.989203280097804,17.747991302628567,4.9209166573704195,28.928591716923993,10.724480722676565,6.2521152649192056,25.545248311411164,22.97105676153507,0.9356133917182832,12.882936919853066,1.7582061373507951,4.127598702734887,3.9809143064904613,3.476483762027616,6.859627618522937,5.718687245438618,0.5135202178663986,4.011788002901762,7.855067403924523,0.2813743908218648,0.7973545002499167,money
26.43751680867906,21.46133382970881,1.7183144069895635,11.098894983946318,0.3001171834387876,4.450628408390764,2.0232016371817,2.5236189574238828,6.860203945868823,6.874846882610974,0.31263246801695715,4.555536366388194,7.588704246985689,0.9548828521120205,0.12215585071495978,24.216053254898096,10.912849400030806,2.9567002259893354,26.52650788404556,80.25435709807122,22.48586283294121,16.035170349673603,31.854185251156817,2.6049123377401786,24.71492935672816,17.012493080369637,3.720936733246892,31.984091951655916,11.527550883817916,5.426762916624381,money
27.38687905176269,23.88055404144991,0.35297149823855056,12.62054015046205,1.2797807770635987,3.3963554102325317,1.4379374348315879,2.781294416961572,5.310702307347081,8.378974157981498,0.39414829225277254,3.994562531923103,9.584248701942958,1.4477358042471447,1.5912397820565256,24.049854500282834,11.889806416856157,10.075439270335215,30.920441610341864,78.68228635570468,23.894236097430102,13.215518205184443,30.805276710406496,4.66920727963931,22.987651842015143,17.537713222659075,4.923499105617088,31.06211413328841,11.702171316409299,5.658459071099549,money
24.57946207408937,12.393276925370214,7.7508720409585345,30.79034691169107,76.39563456626226,23.311746785300354,12.088432241999167,28.561711910769276,2.8459071921937253,22.752125365196296,19.94780161393649,4.472906316084182,32.90467106963051,18.181653124770254,7.694839477904113,24.729380011511275,25.452926940548416,2.5395931713953677,12.415015445821359,1.1812564770336431,3.01397017794191,3.3078944213239687,2.8530028031070427,4.922271209385283,4.866712625387333,1.3975312180325756,3.6122523713430517,7.347564850659716,0.892864540631929,0.8779624838465239,money
25.63171581869172,13.284882214974177,7.628099695364401,24.13676000256058,77.56015430959826,24.25117378490293,17.25558879322703,33.89196914318724,5.0749094015320235,25.55852934979489,20.95974113123154,3.662111453082457,37.273364170451124,15.902442222423918,6.36777800298402,23.910221555719204,26.170932423276067,3.14489904801393,10.605619785987779,0.6171024227302795,3.572567248617158,3.408072954728412,4.1574924849089125,5.276950028524622,5.672708796212573,0.6284609321126858,3.1893657809566247,6.261026916178238,0.7927174162421836,0.7088432899416063,money
24.485829634014884,14.293214414039124,4.615107260616863,22.51799594277284,76.72133231404574,21.462183691092555,14.478923449546121,28.325066883031173,2.87633862173551,26.277448474576538,19.06725509795387,3.901779369379509,43.886725707648566,19.629066126827517,7.409073346916151,25.365294807707286,20.7569204563283,2.9963239244992037,11.475964176096651,0.3214970312915047,4.041754990828708,2.4569721610131308,1.6253353689192873,6.904974218094538,5.94324246317762,0.6606822207656831,4.047189272383778,7.55348930833394,0.15685524788910638,0.985315908774219,money
25.558578748731314,15.836059985747553,0.36362124103955695,22.18967649293592,76.6585324891284,18.757181948552685,14.191765652947387,29.834034519992706,3.907532971341129,26.174121015296006,19.055244339159028,4.703149128871676,45.34108743086107,18.322623755129,7.98296051781147,24.578679049449022,21.970468748274893,4.01970906334126,10.975174847510317,1.4147059530933688,3.810466380106177,4.437357564862503,3.567691777156771,5.560979411202027,4.273450094662691,0.7161397000813831,3.3324008594182364,4.744333420820993,0.4209288645267091,0.8293365433624451,money
25.25150315553302,15.655194791606693,1.6025316052507548,21.378727472616365,76.33559608532553,19.743916791289504,17.20336574431427,32.62356184892825,4.60122674203537,27.1737611870254,19.962131860372686,4.501709835112456,48.184387207999826,23.019066518685356,8.764527890023679,24.248647388626708,25.536143289708825,1.8746827339691776,11.647631530638478,0.9977418180033817,2.727930615738374,3.8724514123047076,2.4555955112121475,4.231879376891123,5.0930020597754035,0.374972239956311,3.480096868728677,6.453879122370318,0.36800087947584814,0.8496931033813369,money
21.385665509504392,17.825233147093257,1.8696779518126199,23.850099960997788,75.67068955529503,17.18998571653729,16.124818593622365,32.20159403762346,1.52985413914852,25.809332553403248,19.36424174166252,2.2798261941676863,43.346925631585435,16.868978150633144,6.988776623419545,23.312785639937985,24.71493711082005,3.528390594064635,11.432879606340213,1.6526895087110012,3.2789553019941633,2.737085401938995,2.8773439374488095,5.453835033490596,6.138697480703079,0.5164768391980744,3.8565543208719624,7.647212320294399,0.48045191088539974,0.2171592424238184,money
20.672891144179236,18.12596391370181,4.542350524524764,28.270516641073925,72.72282530709636,18.39985253003477,14.198825315021773,34.43050715575264,2.0040570309842227,24.304274401991787,21.25270027330628,2.356821922455932,46.10603087321854,21.45743648894165,7.771286316408985,25.743883566654798,20.18047302001586,3.6468409526403605,11.952193155058136,2.1021552142151574,3.8688681148228663,2.6802826474279775,2.0717244168672835,6.399690603100641,5.684402066540496,0.5995110708318866,3.4790337775033557,6.916013884381697,0.7302550574991398,1.5394054752664261,money
26.058635396988237,23.015629987654,3.7896063845923353,11.451709029906468,1.5622862691092538,3.4465581321270697,2.1156845161080624,0.830070551349564,5.453524910974051,6.705630074342337,0.10321054894672285,4.613086045029675,9.261743248229777,0.7698174587379116,2.153562768106366,21.2548426281872,15.6944509790618,2.858977074493877,26.387524260646522,74.28178959487332,19.263599173206227,16.713712346000648,35.568264377155224,2.5401364966880022,27.27658164119857,23.685653264206007,3.2848803359484893,46.629066628555805,24.379589158399874,7.3788736508306725,money
26.310107470532394,24.026179763029987,2.9393605583258253,13.235266536940102,1.5646327813874785,3.3537892836541316,2.6418005067052666,1.382521017401956,5.261270878910727,6.3165811756364825,0.23928453724518045,4.0967672495950245,9.19561185219787,0.6304285307057498,1.5137184829144386,22.363700193783224,14.774855785990914,3.2508423862586135,23.955720646030485,74.74346213496906,19.17794409164192,17.14802656790257,33.69042295478633,1.5856830511304325,28.5092198135259,22.09912108164281,3.030838201745203,46.74662453717467,20.50204207062935,7.056130229989881,money
22.92709905848151,25.911486007196444,4.9896137434187,13.100351243575375,1.0746629124334441,2.9125194349716885,3.4360067388662987,3.694920694070597,3.9368354101556124,6.186834902381977,1.0853370627379841,1.834658818523458,6.9612430240767,1.4423591663593662,1.449310176548341,22.834809644662084,15.595030629450923,6.735739734192309,24.155607835435283,75.30774753020484,19.111096434815522,17.951223521766156,34.216339701146836,3.591866768948792,28.28838850900422,22.923366950191838,3.9457832089306675,47.92852414541694,20.101007283142533,8.266779865951445,money
24.428007950698486,27.6423158523702,1.096521066308801,14.800859184693222,2.070365104282803,1.9971972833886362,3.3548876899389994,3.0570168566004,2.9304995934950826,7.542914808679935,0.9029658715749719,2.371300500013007,9.386944497757387,0.823735872384874,0.18300743160641547,21.732976223896944,15.462244839071486,5.000127893302843,27.067071174599842,74.38164607297523,21.16265405879307,16.355798058093317,33.63351128670011,4.834969317699162,27.00547658990986,23.39838337762817,4.651456341908956,47.23693587379658,22.84256230898602,9.549146662593321,money
25.451883069724552,23.883237116962533,3.7786346811906597,11.910209913150126,1.144650345141136,3.3362534741274557,1.3355307877544567,0.6590539540880773,5.737316972635867,7.3840157897000775,0.7273456246866924,4.233511112296291,8.641841240321074,1.0044506710413572,1.7087402662151698,20.857303757740354,15.269260587899492,2.4690447758563834,21.94154071921275,75.66816567129598,20.86136848498149,20.189035229190274,36.104915455071925,5.650301872820862,29.52919865505856,25.80485722771739,4.6935108553353615,47.92314914251774,21.982845529869554,8.802807432613,money
17.856443299254884,16.684446219752548,3.8420444207864466,27.914828968692962,74.6874802485709,18.69144509285411,17.311817831749284,37.70780439078506,3.27653317732465,26.291202788655077,25.406996109083742,4.287270897149751,45.91820747853746,24.946419050954248,8.32970240355644,26.839394458420387,24.628169733992177,0.9542001354972179,13.450466473653593,0.09106003870959485,3.4832724089693676,0.7277323124345519,0.17543387803045218,5.003370293907969,9.09492111933896,0.4669269865108341,3.8505407106798613,11.13194972321086,1.9070123779155679,2.6562832917103307,money
25.41266878648712,25.668117012192948,2.7782210101441294,15.987690712632247,1.8079697295896675,2.654125113766604,2.346829992837587,1.7712482452183096,4.652932807930174,8.019340636559392,1.0313739931452623,3.149154573031377,10.080510134253224,0.19819731865439466,1.0848052332649651,18.89105596020936,16.21099441385381,6.48953585296825,28.287362085379353,76.05239626368076,19.243033253703167,16.65088729841515,38.41017447502287,5.1147157423902545,24.862168101645405,26.245583170376978,5.289891434811064,43.14681088339459,24.05574417890914,9.207354199030238,money
25.751301619474855,23.28607339952586,1.579460225108093,11.591846983954984,2.219303499360458,3.7720072852649174,0.46141280055010286,0.8687165826401089,5.48901368281584,8.187721349896616,1.224898270002074,3.020796191453291,9.4138468952287,0.13066923691037127,0.9128589618580759,18.45920618638833,16.78441330051841,12.727907427994088,26.291894148657455,77.8318654958395,18.851824899240572,16.696708931639368,37.622156852395996,1.467893086801332,25.379228449981355,24.903341730708902,3.7217539869368363,43.001758720598986,24.239687473576033,9.482275799858881,money
26.002072663767898,23.421572796406267,2.9779868653053203,10.291241507046701,0.07553460242212252,3.4942527833919494,0.4373411879062974,0.6434754805674903,4.725929533315163,8.248476651722049,0.6365675699145047,3.116138438847058,8.824786626927846,0.15726417456545108,0.9548612099654864,18.94665240987822,15.618818970076147,5.085752192934079,24.31753657805992,74.47616460813845,19.295363997148936,18.37737980606169,37.43199160580014,3.193300432707732,26.29145017936655,24.993364900534132,3.472766632977104,47.065000994378764,23.19944780847421,7.912243524727308,money
26.37381692819451,22.799863960990407,6.049089560591664,16.636677720119835,0.8666367884862529,2.407436666635128,2.4313281259999924,0.14775964994673224,4.379296117802159,9.455056463249493,1.3835695634223781,3.340884114374248,11.991508284046104,0.2482147746215309,0.33541232617298294,17.992478414216862,14.459956431168282,10.747631462088252,23.816820847305976,78.12108450636023,20.85653136866042,18.075611588313887,37.76119239250089,1.2124595044487623,26.12455418631761,25.38666150541669,3.035583559668304,43.17634049274276,22.398373625376383,8.267964089554216,money
23.574136435538882,23.189510826696953,6.1450178147845484,14.163974378273293,0.5216225528059201,3.5570968701618013,2.252551802151619,0.2606768030398525,5.51161625230164,8.327786212017955,0.5476244467137849,3.0424756942679867,10.41244365430802,0.9744078697851188,0.2326302616230241,17.148901247363458,16.29166939455059,4.112693428606605,27.313195860099334,78.300941427466,15.91610994152357,17.171257458787185,37.473040435975356,1.200414619420244,25.020224826287834,27.151537657314947,4.3102619427646705,44.8642863083782,27.35184751811535,11.2647965341354,money
22.236951155018325,21.39965330587859,7.1611092745464955,11.801948263992806,3.186650153926767,4.236353075890479,1.9130591310444702,0.39242694615392965,6.026789660048168,7.679054971527487,0.6365599117544252,2.952661216566757,8.470429493521555,0.29895531512919393,1.4580101897314917,18.589259658365737,16.726693271929257,8.861046647802011,26.240608201464227,76.91130373464125,19.058014454333954,17.031403301184934,37.91201318766677,3.0397811936767125,25.70930574574778,27.79492529638088,4.244119853308985,44.98241823297064,26.47714886430534,10.035629460054219,money
24.37632798155741,23.067908122550822,2.590146072749861,12.177020553425372,2.153170128335581,3.884927508831151,1.3461955260365062,0.20937346187145736,5.400884163986031,7.5421398998126,0.38292756031336145,3.7143847746062164,10.25601196435786,0.9579864110696992,1.4020689143920895,15.385386439180468,17.098999061105747,2.33860982910258,29.5024038378437,76.49178118736133,20.507358312933807,15.894435248106973,40.95974770163286,4.531910309504787,23.973769307669723,28.976915606796624,5.399778313865507,41.72204028338266,26.227838845724893,9.533540240494032,money
16.825961871380535,17.296972615434875,8.433221025081803,28.10094259661818,75.43626766531803,19.730858056553956,16.355995871970126,38.951588588606405,1.9877571317879092,23.933358025705836,29.14814410150496,3.673934260296083,39.46358644386798,25.332271475592496,10.016592065675658,24.55680232258118,22.604432497057974,5.372827359088578,12.629985524192428,0.8845956948790874,3.281373697218402,0.5988932940160533,0.7778188236143961,4.901561522207373,9.455569997796145,0.8846911550302223,2.2115172869281756,10.582728888823553,0.3560863104731463,0.7180489767417747,money
23.040656120308487,19.495192237506124,9.716835011641308,14.706684959018057,1.4973953122469659,2.8396022958895504,2.03136624568838,0.23197448496170556,4.137181511875063,9.821699369205561,0.6788234893846613,2.287911120990941,11.425708498323116,0.4420758478086121,0.7461839750800311,13.445294222597559,16.257421341129888,10.627751620889827,25.207156353521583,77.90565741109667,18.65602826018441,16.60650929448857,36.90915280324847,1.8230156680713236,24.045592649706393,28.238389981749425,4.532592787528342,39.17687946356962,25.547637637249576,11.31086549935641,money
24.555591338977052,19.942373819545047,7.963008729405701,15.437810318516554,1.2502390235433953,2.6708408461979345,2.4394360886173807,1.8893279074064009,4.592881253949461,9.281488385863202,2.2778258523884336,2.064604345645932,12.582832403506327,1.0287396679350116,0.2860248996699036,14.883799217518016,16.466830984256905,15.87909933070018,25.607394899199353,79.25209558288512,18.60989978345834,16.656948480460038,35.65085218019895,0.9223188040370225,24.567855295753557,26.803488296809718,4.449307285607903,42.458285370598354,26.657675687445174,11.884810943050674,money
23.854318414168795,21.104814878849115,5.6028667662938965,14.406904064030279,1.5610786843927063,3.060872252719188,1.2111467164559004,0.6066627551271945,4.845095105458435,10.073359735637581,0.48198884947735227,1.9075818040201304,12.231060113706208,0.7373071754183461,0.9560852349804413,14.895327886053296,16.806443727513223,14.175175019068613,31.727171936543087,76.46000078483975,20.28786694592824,12.975903738519166,35.502699469024634,0.16348977304190115,20.205803668134436,27.41536453310217,4.228898370727737,33.192976777980746,25.510320064786818,10.643143480798702,money
24.658089501971528,21.009107051395294,3.099700727256977,14.311498608060989,2.252144905278737,3.4674497242021975,2.1559515838780805,0.3440963006047552,4.642256502410147,8.145454469080335,0.9310006032821374,2.3184865308998543,10.71670003627893,0.6167415544319946,1.3224878274912593,12.483917214461176,15.888605677784673,7.636233803269738,29.74301340376647,77.8822476867437,18.89598160225703,15.425382160613225,42.01629109528893,3.97089731235895,21.952414511531998,28.009329336262265,6.132585234270471,35.96832581100473,26.356856642222226,11.649918880697859,money
25.22239742692647,20.42755477378636,2.1491442544913246,10.25018948656579,1.2765462380966741,4.034484651659679,0.6361167182650622,0.2796757688022253,5.3354868092106695,9.3868245267231,1.3347208927787606,3.0930597793567056,10.579610977336738,1.3567112544774806,1.2126942625724768,15.667828298761878,15.42790995397647,8.083427030522245,31.38372266695428,79.73757341107374,20.228583681562636,12.564990261296602,39.98883389545386,2.379598038943444,17.75554367559429,27.760747328598885,4.9816887042031945,30.99664102705829,25.637392354535812,12.361075885184968,money
24.12501080646876,21.486369383225295,4.239248994350278,16.005705074088095,0.9781789600683716,3.0666884672252785,1.9596956272765986,0.10785677603351006,4.440010286020877,9.409219097261037,0.9297772100726837,2.6138614294138978,12.365082522413037,1.8730335615730602,1.912447956973379,15.603921737132126,15.839062458299123,12.404113220344698,27.952955016320256,80.3025583811952,19.105414711537385,16.18994896192025,40.332142360529595,2.8096941418608936,22.036119230143537,28.885400492045925,5.681316617167717,36.19217730020146,25.319718563199803,13.106354622426688,money
13.311244132831384,14.029911394691306,17.289686600598987,24.727000307376553,79.78943647675965,18.176013141161377,19.46760803874144,35.11359172769183,1.9521380049978796,25.423675336969534,26.53840440787587,6.296056134851527,43.386827060452404,25.97903941932938,12.435204664102978,24.424548216288997,18.846282509842364,9.775502020486817,14.14951551297658,0.4831850996944082,2.746406557647663,0.9289789925394447,0.6688161431142751,3.591674820640877,10.310041084232697,0.38641712952228435,2.127164730906698,12.903117339644146,0.24346196292495062,0.32781470348387187,money
24.47363854747391,20.308870303470748,9.826884650575693,14.73545890555968,0.2072316947715688,3.5372074434423215,2.8460757673370742,0.7548660069871631,4.463133569663271,8.796538502412641,0.08697102215444015,2.8520627796354057,12.556036275520121,0.671495242288816,0.8058203426042091,14.921125925672435,14.562055867215914,11.997398300819237,24.398069595958813,83.5580543914577,16.39414561609472,19.628107228635375,38.54584669559873,2.9295413627742635,25.522607964421884,28.415958351109794,6.64910223731598,41.142345464996076,24.393708377877278,11.888812497247285,money
23.144523836847434,22.319038166309095,5.954550767948157,15.224303315041752,0.5784777968630859,4.024250746865317,2.491336733666146,1.2005390458092324,5.1422943552449185,9.05041652341623,0.2605832487317135,3.9067965109284257,13.659067932603266,0.0009403168525260031,1.6519559015553102,14.632227403221847,15.217441253937295,10.949433161535595,23.566637370762187,88.98243340563664,16.85603322512572,15.052368161001368,37.45160499162406,2.201714309624775,20.405900796965053,24.495291482489826,7.760558035669082,33.57344743674936,23.531730553147824,12.301704670333075,money
24.309776266406086,18.928250106986702,9.268951724146577,14.922601179396782,0.16547053064210282,3.339738704204874,2.4111177322557844,1.1444264543387275,3.8209362852077233,9.523713895159476,0.5886833362047207,2.3218234525617656,13.714901990463341,0.08216189301161507,0.41448950591135153,15.600255165152474,12.88950595182811,14.188876156179225,22.27968381757581,83.87770361383258,16.257041462615387,21.965963829187253,38.97897280163705,2.160332521161907,28.192797014823903,27.71654252941053,6.146085203169672,43.18951313590343,22.41765309257785,11.483182561606743,money
14.9275940409462,13.075935943392043,12.444341846270635,22.548827354523766,84.56243079369632,14.682847318781246,20.955687279783497,39.009725326779616,2.6886680115159605,25.787107641828143,27.229769923018434,6.290152608151146,39.25939991473157,22.44803602442476,10.965309342935669,23.777237295779354,18.12957282092213,7.459094412915139,16.701033474790226,1.2816868632146579,3.4604408983569006,3.7061371947695934,3.0211474547407176,4.403144349673569,9.123660596883807,1.9387862147887784,2.6385953284658377,15.088561337932322,2.018940645901803,1.500400569806092,money
23.726668615925703,18.35715682239434,9.643260156840814,14.971118601450975,1.3214033288653633,3.737556472174038,3.4349185823193595,2.15986731882781,3.820028991978608,8.825600135700695,0.685370554086333,1.9108615708390648,13.91036589822587,0.5701751647589901,0.6551734745042314,14.983961689762722,14.129326706258883,8.71335868448677,23.374117942684737,86.68312506160689,12.338338388828362,22.376277194169585,38.79961875597973,2.6698508321895185,27.974846026629937,25.91542136207244,7.242387373843604,41.355156068317484,20.997893999726653,9.931357561090271,money
23.70118312018006,18.49919432220971,8.836183590626863,15.164028036645744,0.6571852224284594,3.3165520766601198,3.766752368986373,0.8611300003917344,2.6279191327852374,9.058028124619138,1.8922045736338529,1.825625485765546,14.774451913555767,0.09389804898585749,0.1395224348796323,15.046563828877797,13.188669307929198,9.707384756988073,26.154985089146077,82.67441329522603,19.32271740139045,18.84052103175506,42.41696715667252,3.2389415199067777,24.23694190579759,27.439043482375993,6.07928930917931,37.02359941108021,21.00803493042687,10.461342280119245,money
22.750971866122384,18.234417505224815,5.807439566901199,16.559171381258867,0.2814926139820556,2.89858944533677,3.626472451359587,0.8492220515194233,2.491699044111909,9.876482441448177,1.2860116097817826,1.6266489500977515,16.561606933534456,0.14765495891976513,0.19861727701624127,16.03815852140072,10.578842947127793,10.947922714619844,26.915351967576324,85.59807255650125,19.6476268164126,16.526553702805348,40.297308805498695,2.0596801183201703,22.634262093302112,26.426303561698486,6.447105565853496,35.57964747180736,21.401064291481873,10.774363475709595,money
23.206180517953847,18.546454479857946,7.460201244575345,13.457401356456918,1.4388516183847753,3.3070823661823017,2.776103116510812,1.8188732702975896,2.312092669733349,10.991859361098948,1.5258372369997573,1.6858114713838945,17.571611768717606,0.5011250513607618,0.7137436685944399,14.372662015744899,10.185431814627186,15.513158741109798,25.531883302735217,83.82380419473097,20.5009129447664,18.627818014836464,40.29383175030909,2.528673442565808,24.29991824087803,26.569835522236108,7.603913257202392,36.140043556492024,19.385000540548308,11.292211358845906,money
24.234624226764655,18.976702389135326,5.716450480759628,18.28435115754456,0.5012159141366246,2.1606936800322405,5.1004461691727085,1.518863852773258,1.690387930100349,9.860705286899709,2.392680620538634,1.1830563738061342,17.802105410110386,0.38235102315316666,0.44941172198040485,15.906456806895603,10.030942533893151,25.068373289706724,26.510810353206427,85.28752916225541,20.639596074306535,18.198020623560353,37.06656964982443,0.31929113408530174,24.418609066261347,25.36377164945349,5.761783464381204,33.93965634669136,17.87343235697716,10.838777906595627,money
23.378692859739395,18.342291382001918,4.635144631940404,16.014603481784448,1.5563968919782425,2.6164804067127645,4.658964623308093,0.9706056102592012,2.4288301866935584,9.416306415482417,2.3206996866435126,2.1876106127347867,16.364593672638748,0.07284748980832138,0.9271746741364862,14.46802300510759,10.304348772984296,17.1688192397322,25.852006753441636,86.6067317043945,19.035608243420484,18.26905156547566,37.022770436492706,0.7580623025400043,22.93547264195548,24.380434088627535,6.681232580878544,31.79224791642764,14.435242255251378,10.525128255455805,money
22.86323994409336,15.57056750590345,6.007328602849234,14.44158822472918,1.1012564285763538,3.0760427353503985,2.2922566247319685,1.9080036303648469,3.2477901949986614,11.554122618604014,0.486018189680046,2.9181589175040124,18.150514843680575,1.9264854645176643,2.376821115935356,15.989915793404618,9.015941402440438,16.403887719759375,25.22079648608544,89.1428837471804,20.55616953111691,14.91174633217028,35.791696304817606,0.00419976428935227,19.339259076111315,23.310164341099497,5.453810415120287,26.351338027432394,17.9341972605709,10.451334394827855,money
25.216001489665977,17.296937922496,4.6469206149938564,16.938794562098384,0.0062407603073983565,1.9860624293174811,3.557991681887403,1.4209275310479415,1.7012754117287552,10.661951681478614,1.0498019507561953,1.709289188183796,16.84979335813087,1.4030723850885936,1.5319805165848657,13.798984327283724,9.258975430703074,14.791935830118268,26.856479452599046,84.99935059673119,19.925194548286015,16.181781688369632,35.18360635482447,0.4509308907890001,21.56687496996698,23.80363184444213,5.474269082576325,30.478910522437264,18.107035686196927,10.157249503320458,money
14.036517195173367,11.6998926605192,12.146318220183485,24.165462308219663,89.22293240382902,16.726027321938393,16.84054809277945,31.09104508593511,2.206037750891102,21.7319010715406,22.301814188666373,8.247450694182884,29.314282837834632,18.33473596646695,11.342246440641937,24.921080414153458,16.634626315568642,9.571288670549222,18.508879639250054,1.4584364128407075,2.4819556628687556,3.2886974958585853,1.8116930557733395,2.59044531457697,12.45186293984442,0.47983729798025326,2.386626970301494,21.30599306408129,0.4854974536024884,1.6555320325407543,money
22.91046605882666,15.425110290918365,9.704201954006724,16.899358794324648,0.5976927913809635,2.868634094324874,3.030571765173344,2.5188599802386626,2.946939140244475,11.025895066356306,1.1546594420803722,2.2537671354321662,18.980532346219274,0.2571369029913626,1.837747743690667,13.951355827268292,11.006446913778316,18.320780752247444,25.94517310416644,87.70916298383148,18.625419260488943,16.55366556513359,32.065115793431154,2.0353457424853687,21.029546558977685,22.59587275134208,7.666113241247048,28.98615205206293,17.493435469093722,10.816275446386358,money
14.959248353466515,10.08070319107701,21.288752247262636,27.968599822073823,86.4414557697655,19.64567244617213,15.458239503494758,35.0725800757978,0.19971821009308968,20.041881906738947,24.426211689446596,6.445448164896989,28.1867613582511,17.590338588721913,10.920547228630669,23.49617924546564,14.54768621072643,10.497682968391835,15.969052428636926,0.37564479582545,2.402052565239363,3.0524618017492307,1.6372241869641566,2.201773211206172,11.50551237274819,0.7781986653092952,1.8511316856618476,18.042589467438813,1.7155872317812049,1.6784435434625395,money
15.758190316404702,9.54907505904647,14.68680640156198,25.627659786098032,90.79517198892263,18.849963731846184,15.131510181151011,32.66397695200655,1.4779963708093893,18.673031139230787,22.108976621809326,7.057038764677963,25.238208724902165,16.80752794446591,11.17134993039204,24.439543724161854,16.88054462091571,6.981923652807259,16.24253561443508,0.12068626660652963,2.412608956628244,3.918717764408094,1.3943262320730747,1.40940370759071,10.795009921321988,2.0038288537054645,1.2296946907791642,18.496605569807425,1.2806680842904454,1.3831214917460768,money
14.614938192348905,10.59559514402586,23.152957731055633,24.95061788312415,90.61053629656092,17.449590878655858,16.104316144655876,32.70147773880643,2.7264429482721146,19.12634117293269,22.424990400876823,8.831105422212993,25.581449521536765,16.164800650490008,11.922614792375269,25.062635455970216,17.57763509744262,6.37246629652599,16.283944075363355,0.21464796110162312,2.773095137111533,3.406960609867119,1.5267258119493958,1.8547858744209145,10.626381173962587,1.9279927006532038,1.2705378507184557,18.70337442845747,1.2229128323004226,1.4195258353577072,money
14.321333232437798,10.866705561830692,21.93140308689658,21.04710775646284,93.86979873068907,17.027623304765214,18.742304120712827,33.66866565700185,0.4607502869631248,21.410272130780605,22.095942365528515,7.12176960693697,28.984875582359123,16.217876767582993,10.869658823900496,24.636630671911313,16.604068467637,8.623220616715901,16.318891450634883,0.2870375502395446,3.0427752865098285,2.5192964496007555,1.3333695123782485,2.1569293006150656,11.91005414300838,2.0487102690850256,1.9427289581386078,19.86479033737735,1.1080209126523162,2.4138810804021,money
24.888052208438857,18.696228734382235,6.769465327590274,17.70174230145995,0.6857828203029124,2.2245048057586145,3.4235488759523305,1.499723055144053,1.3815631930834082,11.549633335147721,2.108396875506242,1.2779683392452401,19.48889190293618,0.48905976774200555,1.4163860821530672,14.31304648642449,9.833697105351638,21.78144114759078,24.801265762973213,90.01105895773549,20.217015022443086,14.18354531818353,34.47847076609956,2.062139838502608,18.18203105738301,22.824654406235723,7.354717788648581,24.56560684360578,15.18511616871342,11.070804079875712,money
24.967583104197168,16.250897625132573,8.626733909328633,15.703565649547047,0.8531119473755002,3.0156009563442923,1.9283878173262758,1.7927590055808371,1.7875533777362917,12.485432456229193,1.8665565564953719,1.7865321950580364,19.88527716267392,0.9886718043065718,1.876089172564202,13.184360585890545,10.347341261496295,19.8509922866536,23.580817628128592,91.05105220921214,18.146958767638438,16.42113029719702,30.610561786687622,2.627793379220511,19.63473298110477,21.176486789510495,8.799317632092908,25.27242274262016,14.763521525808113,12.380725817074598,money
23.885778483254914,17.947929472187667,9.134918230884288,17.019522143830468,0.7523543149311303,2.7965830038227772,3.01291640935633,2.9196648003596355,2.6762567514763607,11.66344299965749,2.6916594560100964,2.03513489896293,20.688561139119106,0.18082559080531932,2.915617146019392,15.176820824004738,11.55716052748896,23.94331548494119,22.587163497563818,93.60097147502019,18.43355121251799,15.770551461272406,31.235527063648576,0.6182314771439251,19.152432872614085,21.618016113000227,7.415352604361826,25.63009779927035,13.87380099836631,10.620557524631007,money
15.509183732687843,7.815574531715091,25.056526652657833,23.90901326521996,92.11765610494622,19.666660341603492,12.521357958020221,29.714654393402647,0.3677821309879712,16.12964512288103,20.142287038909572,7.043062946426388,22.133095231453478,13.166565823273631,11.23742742106229,24.90941318279493,15.875269239957383,11.106145275593827,16.25310716735977,1.313885950919814,2.378348779581711,1.2105323922506661,3.8011176874436936,1.70467855068161,12.672891069716822,1.1979475985159656,0.7055663502744263,21.288377145622537,0.273725751987719,2.3859118741672702,money
16.16080079314278,8.006344974787325,23.992283136667815,25.514746192619025,88.9898730493108,22.11692045779871,11.975218889568843,31.91324320646205,1.0705431492114856,15.976270913909406,21.411119280360737,7.766446263455705,21.031228500991396,12.949291966941098,11.701150809301625,24.312633819057336,14.425869132327136,11.373244273711807,15.042203810833694,1.179159017012993,2.523465855680448,1.3324940285347346,3.5392610895765455,1.823546503894946,12.508602461076833,0.011947754154183797,0.9034110549538004,20.43680090375199,0.3735797965574366,2.2581996256149313,money
